date,day,personnel,tanks,apv,artillery,mlrs,aaws,aircrafts,helicopters,uav,cruise_missiles,warships,vehicles_fuel_tanks,special_equipment,submarines
2022-02-24,1,800,30,130,,,,7,6,0,,0,,,
2022-02-25,2,2800,80,516,49,4,0,10,7,0,,2,,,
2022-02-26,3,4300,146,706,49,4,0,16,26,2,,2,,,
2022-02-27,4,4500,150,706,50,4,0,27,26,2,,2,,,
2022-02-28,5,5300,150,816,74,21,5,29,29,3,,2,,,
2022-03-01,6,5710,198,846,77,24,7,29,29,3,,2,,,
2022-03-02,7,5840,211,862,85,40,9,30,31,3,,2,,,
2022-03-03,8,9000,217,900,90,42,11,30,31,3,,2,,,
2022-03-04,9,9166,251,939,105,50,18,33,37,3,,2,,,
2022-03-05,10,10000,269,945,105,50,19,39,40,3,,2,,,
2022-03-06,11,11000,285,985,109,50,21,44,48,4,,2,,,
2022-03-07,12,11000,290,999,117,50,23,46,68,7,,3,,,
2022-03-08,13,12000,303,1036,120,56,27,48,80,7,,3,,,
2022-03-09,14,12000,317,1070,120,56,28,49,81,7,,3,,,
2022-03-10,15,12000,335,1105,123,56,29,49,81,7,,3,,,
2022-03-11,16,12000,353,1165,125,58,31,57,83,7,,3,,,
2022-03-12,17,12000,362,1205,135,62,33,58,83,7,,3,,,
2022-03-13,18,12000,374,1226,140,62,34,74,86,7,,3,,,
2022-03-14,19,12000,389,1249,150,64,34,77,90,8,,3,,,
2022-03-15,20,13500,404,1279,150,64,36,81,95,9,,3,,,
2022-03-16,21,13800,430,1375,190,70,43,84,108,11,,3,,10,
2022-03-17,22,14000,444,1435,201,72,43,86,108,11,,3,,10,
2022-03-18,23,14200,450,1448,205,72,43,93,112,12,,3,,11,
2022-03-19,24,14400,466,1470,213,72,44,95,115,17,,3,,11,
2022-03-20,25,14700,476,1487,230,74,44,96,118,21,,3,,12,
2022-03-21,26,15000,498,1535,240,80,45,97,121,24,,3,,13,
2022-03-22,27,15300,509,1556,252,80,45,99,123,35,,3,,15,
2022-03-23,28,15600,517,1578,267,80,47,101,124,42,,4,,15,
2022-03-24,29,15800,530,1597,280,82,47,108,124,50,,4,,16,
2022-03-25,30,16100,561,1625,291,90,49,115,125,53,,5,,18,
2022-03-26,31,16400,575,1640,293,91,51,117,127,56,,7,,19,
2022-03-27,32,16600,582,1664,294,93,52,121,127,56,,7,,21,
2022-03-28,33,17000,586,1694,302,95,54,123,127,66,,7,,21,
2022-03-29,34,17200,597,1710,303,96,54,127,129,71,,7,,21,
2022-03-30,35,17300,605,1723,305,96,54,131,131,81,,7,,21,
2022-03-31,36,17500,614,1735,311,96,54,135,131,83,,7,,22,
2022-04-01,37,17700,625,1751,316,96,54,143,131,85,,7,,24,
2022-04-02,38,17700,631,1776,317,100,54,143,134,87,,7,,24,
2022-04-03,39,18000,644,1830,325,105,54,143,134,89,,7,,24,
2022-04-04,40,18300,647,1844,330,107,54,147,134,91,,7,,25,
2022-04-05,41,18500,676,1858,332,107,55,150,134,94,,7,,25,
2022-04-06,42,18600,684,1861,332,107,55,150,135,96,,7,,25,
2022-04-07,43,18900,698,1891,332,108,55,150,135,111,,7,,25,
2022-04-08,44,19000,700,1891,333,108,55,150,135,112,,7,,25,
2022-04-09,45,19100,705,1895,335,108,55,151,136,112,,7,,25,
2022-04-10,46,19300,722,1911,342,108,55,152,137,112,,7,,25,
2022-04-11,47,19500,725,1923,347,111,55,154,137,119,,7,,25,
2022-04-12,48,19600,732,1946,349,111,63,157,140,124,,7,,25,
2022-04-13,49,19800,739,1964,358,115,64,158,143,132,,7,,25,
2022-04-14,50,19900,753,1968,366,122,64,160,144,134,,7,,25,
2022-04-15,51,20000,756,1976,366,122,66,163,144,135,,8,,25,
2022-04-16,52,20100,762,1982,371,125,66,163,145,138,,8,,26,
2022-04-17,53,20300,773,2002,376,127,66,165,146,148,,8,,27,
2022-04-18,54,20600,790,2041,381,130,67,167,147,155,,8,,27,
2022-04-19,55,20800,802,2063,386,132,67,169,150,158,,8,,27,
2022-04-20,56,20900,815,2087,391,136,67,171,150,165,,8,,27,
2022-04-21,57,21000,829,2118,393,136,67,172,151,166,,8,,27,
2022-04-22,58,21200,838,2162,397,138,69,176,153,172,,8,,27,
2022-04-23,59,21600,854,2205,403,143,69,177,154,182,,8,,27,
2022-04-24,60,21800,873,2238,408,147,69,179,154,191,,8,,28,
2022-04-25,61,21900,884,2258,411,149,69,181,154,201,,8,,28,
2022-04-26,62,22100,918,2308,416,149,69,184,154,205,,8,,31,
2022-04-27,63,22400,939,2342,421,149,71,185,155,207,,8,,31,
2022-04-28,64,22800,970,2389,431,151,72,187,155,215,,8,,31,
2022-04-29,65,23000,986,2418,435,151,73,189,155,229,,8,,31,
2022-04-30,66,23200,1008,2445,436,151,77,190,155,232,,8,,32,
2022-05-01,67,23500,1026,2471,451,151,80,192,155,245,84,8,1796,32,
2022-05-02,68,23800,1048,2519,459,152,80,194,155,271,84,8,1824,38,
2022-05-03,69,24200,1062,2567,475,162,80,194,155,291,84,10,1843,38,
2022-05-04,70,24500,1077,2610,491,163,81,194,155,303,87,10,1867,38,
2022-05-05,71,24700,1092,2651,499,169,83,196,155,312,89,10,1907,38,
2022-05-06,72,24900,1110,2686,502,171,83,199,155,324,90,11,1926,38,
2022-05-07,73,25100,1122,2713,509,172,84,199,155,341,90,11,1934,38,
2022-05-08,74,25500,1130,2741,509,179,86,199,156,360,92,12,1961,39,
2022-05-09,75,25650,1145,2764,513,185,87,199,158,377,94,12,1970,41,
2022-05-10,76,26000,1170,2808,519,185,87,199,158,380,94,12,1980,41,
2022-05-11,77,26350,1187,2856,528,185,87,199,160,390,94,12,1997,41,
2022-05-12,78,26650,1195,2873,534,191,87,199,161,398,94,13,2019,41,
2022-05-13,79,26900,1205,2900,542,193,88,200,162,405,95,13,2042,41,
2022-05-14,80,27200,1218,2934,551,195,88,200,163,411,95,13,2059,42,
2022-05-15,81,27400,1220,2958,555,195,89,200,164,416,95,13,2087,42,
2022-05-16,82,27700,1228,2974,577,195,89,200,165,427,97,13,2101,42,
2022-05-17,83,27900,1235,3009,578,198,90,201,167,436,97,13,2109,43,
2022-05-18,84,28300,1251,3043,586,199,91,202,167,441,102,13,2137,43,
2022-05-19,85,28500,1254,3063,595,199,93,203,167,455,103,13,2157,43,
2022-05-20,86,28700,1263,3090,596,200,93,204,168,460,103,13,2162,43,
2022-05-21,87,28850,1278,3116,596,201,93,204,169,462,104,13,2178,43,
2022-05-22,88,29050,1285,3141,599,201,93,204,170,470,107,13,2194,43,
2022-05-23,89,29200,1293,3166,604,201,93,204,170,476,110,13,2206,43,
2022-05-24,90,29350,1302,3194,606,201,93,205,170,480,112,13,2213,43,
2022-05-25,91,29450,1305,3213,606,201,93,206,170,491,112,13,2218,44,
2022-05-26,92,29600,1315,3235,617,201,93,206,170,502,114,13,2225,47,
2022-05-27,93,29750,1322,3246,623,201,93,206,170,503,115,13,2226,48,
2022-05-28,94,30000,1330,3258,628,203,93,207,174,503,116,13,2226,48,
2022-05-29,95,30150,1338,3270,631,203,93,207,174,504,116,13,2240,48,
2022-05-30,96,30350,1349,3282,643,205,93,207,174,507,118,13,2258,48,
2022-05-31,97,30500,1358,3302,649,207,93,208,174,515,120,13,2275,48,
2022-06-01,98,30700,1361,3343,659,207,94,208,175,519,120,13,2290,49,
2022-06-02,99,30850,1363,3354,661,207,95,210,175,521,120,13,2325,51,
2022-06-03,100,30950,1367,3366,675,207,95,210,175,535,121,13,2329,51,
2022-06-04,101,31050,1376,3379,680,207,95,210,175,540,122,13,2337,52,
2022-06-05,102,31150,1381,3392,686,207,95,210,175,548,122,13,2360,53,
2022-06-06,103,31250,1386,3400,690,207,96,211,176,551,125,13,2395,53,
2022-06-07,104,31360,1390,3416,694,207,96,212,177,553,125,13,2405,53,
2022-06-08,105,31500,1393,3429,703,213,96,212,178,559,125,13,2406,53,
2022-06-09,106,31700,1398,3438,711,213,96,212,178,562,125,13,2421,53,
2022-06-10,107,31900,1409,3450,712,222,97,212,178,572,125,13,2438,54,
2022-06-11,108,32050,1419,3466,712,222,97,212,178,579,125,13,2448,54,
2022-06-12,109,32150,1430,3484,715,226,97,212,178,582,125,13,2455,54,
2022-06-13,110,32300,1432,3492,718,226,97,213,178,585,125,13,2460,54,
2022-06-14,111,32500,1434,3503,721,229,97,213,179,588,125,13,2473,54,
2022-06-15,112,32750,1440,3528,722,230,97,213,179,591,129,13,2485,55,
2022-06-16,113,32950,1449,3545,729,233,97,213,179,591,129,13,2494,55,
2022-06-17,114,33150,1456,3563,734,233,97,215,180,593,129,13,2496,55,
2022-06-18,115,33350,1465,3573,739,233,98,216,180,594,129,14,2513,55,
2022-06-19,116,33600,1468,3577,745,235,98,216,181,598,130,14,2523,55,
2022-06-20,117,33800,1477,3588,749,238,98,216,181,601,130,14,2527,55,
2022-06-21,118,34100,1496,3606,752,239,98,216,181,611,137,14,2537,59,
2022-06-22,119,34230,1496,3614,752,239,99,216,182,614,137,14,2543,60,
2022-06-23,120,34430,1504,3632,756,240,99,216,183,620,137,14,2548,60,
2022-06-24,121,34530,1507,3637,759,241,99,216,183,622,137,14,2553,60,
2022-06-25,122,34700,1511,3645,764,241,99,217,184,626,137,14,2560,60,
2022-06-26,123,34850,1532,3659,764,243,99,217,184,630,139,14,2564,60,
2022-06-27,124,35000,1552,3687,771,243,101,217,184,636,139,14,2575,60,
2022-06-28,125,35250,1567,3704,778,243,102,217,185,636,139,14,2589,61,
2022-06-29,126,35450,1572,3720,781,246,103,217,185,640,142,14,2598,61,
2022-06-30,127,35600,1573,3726,790,246,104,217,185,641,143,14,2602,61,
2022-07-01,128,35750,1577,3736,796,246,105,217,186,645,143,15,2610,61,
2022-07-02,129,35870,1582,3737,800,246,105,217,186,653,144,15,2614,61,
2022-07-03,130,35970,1584,3744,801,246,105,217,187,654,144,15,2618,64,
2022-07-04,131,36200,1589,3754,804,246,105,217,187,658,144,15,2629,65,
2022-07-05,132,36350,1594,3772,806,247,105,217,187,660,144,15,2634,65,
2022-07-06,133,36500,1600,3789,812,247,107,217,187,664,153,15,2648,65,
2022-07-07,134,36650,1602,3797,815,247,107,217,187,667,155,15,2665,66,
2022-07-08,135,36900,1637,3811,828,247,107,217,187,669,155,15,2685,66,
2022-07-09,136,37200,1638,3815,832,247,108,217,187,674,155,15,2687,66,
2022-07-10,137,37300,1641,3823,834,247,108,217,188,676,155,15,2694,66,
2022-07-11,138,37400,1645,3828,838,247,109,217,188,676,155,15,2696,66,
2022-07-12,139,37470,1649,3829,838,247,109,217,188,676,155,15,2699,66,
2022-07-13,140,37570,1649,3832,839,247,109,217,188,678,155,15,2704,67,
2022-07-14,141,37870,1667,3852,840,247,109,219,188,681,155,15,2720,67,
2022-07-15,142,38000,1672,3866,842,247,109,220,188,681,155,15,2731,67,
2022-07-16,143,38140,1677,3874,846,247,109,220,188,687,162,15,2735,68,
2022-07-17,144,38300,1684,3879,846,248,110,220,188,688,166,15,2746,68,
2022-07-18,145,38450,1687,3886,849,248,113,220,188,690,166,15,2753,70,
2022-07-19,146,38550,1691,3892,851,248,113,220,188,693,167,15,2767,70,
2022-07-20,147,38750,1700,3905,856,250,113,221,188,703,167,15,2775,70,
2022-07-21,148,38850,1704,3912,859,251,113,221,188,710,167,15,2781,72,
2022-07-22,149,39000,1704,3920,863,251,113,221,188,713,167,15,2803,72,
2022-07-23,150,39240,1708,3929,864,253,113,221,188,714,167,15,2820,72,
2022-07-24,151,39520,1722,3942,869,255,113,221,188,714,170,15,2823,73,
2022-07-25,152,39700,1730,3950,876,257,116,222,188,719,174,15,2832,73,
2022-07-26,153,39870,1737,3959,880,258,117,222,189,722,174,15,2835,75,
2022-07-27,154,40070,1738,3971,883,258,117,222,190,726,174,15,2847,75,
2022-07-28,155,40230,1742,3979,894,258,117,222,190,729,174,15,2854,75,
2022-07-29,156,40500,1749,3987,900,258,117,222,190,731,174,15,2870,77,
2022-07-30,157,40670,1759,3995,906,258,117,222,190,733,174,15,2889,78,
2022-07-31,158,40830,1763,4004,916,259,117,223,190,735,174,15,2902,80,
2022-08-01,159,41030,1768,4011,932,259,117,223,190,736,174,15,2912,82,
2022-08-02,160,41170,1768,4011,936,259,117,223,191,739,174,15,2914,82,
2022-08-03,161,41350,1774,4022,939,259,118,223,191,740,180,15,2922,83,
2022-08-04,162,41500,1789,4026,946,260,118,223,191,742,182,15,2960,83,
2022-08-05,163,41650,1792,4032,950,260,123,223,191,742,182,15,2964,83,
2022-08-06,164,41900,1802,4051,955,260,127,223,191,744,182,15,2970,85,
2022-08-07,165,42200,1805,4055,958,260,132,223,191,750,182,15,2978,86,
2022-08-08,166,42340,1811,4070,960,261,132,223,192,754,182,15,2993,86,
2022-08-09,167,42640,1817,4076,964,261,133,223,193,757,185,15,2998,87,
2022-08-10,168,42800,1832,4086,971,261,133,232,193,766,185,15,3005,89,
2022-08-11,169,43000,1846,4100,974,261,134,232,193,772,185,15,3018,90,
2022-08-12,170,43200,1849,4108,975,261,136,233,193,778,185,15,3021,90,
2022-08-13,171,43400,1856,4115,978,261,136,233,193,779,187,15,3036,91,
2022-08-14,172,43550,1864,4126,980,261,136,233,194,784,187,15,3039,91,
2022-08-15,173,43750,1876,4141,985,261,136,233,195,787,187,15,3044,92,
2022-08-16,174,43900,1880,4152,989,263,136,233,196,790,190,15,3049,92,
2022-08-17,175,44100,1886,4162,993,263,136,233,196,792,190,15,3054,93,
2022-08-18,176,44300,1889,4179,1010,265,136,233,197,793,190,15,3061,93,
2022-08-19,177,44700,1899,4195,1016,266,141,234,197,795,190,15,3130,94,
2022-08-20,178,44900,1907,4212,1018,266,141,234,197,803,190,15,3137,97,
2022-08-21,179,45200,1912,4224,1028,266,141,234,197,806,190,15,3143,99,
2022-08-22,180,45400,1919,4230,1032,266,145,234,198,815,194,15,3149,99,
2022-08-23,181,45550,1921,4238,1033,266,146,234,198,817,196,15,3150,99,
2022-08-24,182,45700,1924,4243,1036,266,147,234,199,819,196,15,3160,99,
2022-08-25,183,45850,1929,4245,1037,272,148,234,202,828,196,15,3160,99,
2022-08-26,184,46250,1936,4251,1040,272,148,234,202,834,196,15,3162,99,
2022-08-27,185,46500,1939,4254,1045,274,148,234,202,836,196,15,3165,99,
2022-08-28,186,46750,1942,4257,1050,274,148,234,202,838,196,15,3171,99,
2022-08-29,187,47100,1947,4269,1060,279,149,234,203,844,196,15,3188,101,
2022-08-30,188,47550,1954,4294,1079,282,151,234,204,847,196,15,3217,103,
2022-08-31,189,47900,1974,4312,1091,285,152,234,204,849,196,15,3236,103,
2022-09-01,190,48350,1997,4345,1115,287,153,234,205,851,196,15,3239,104,
2022-09-02,191,48700,2009,4366,1126,289,153,234,205,853,198,15,3247,105,
2022-09-03,192,49050,2034,4403,1134,293,153,235,205,864,203,15,3268,105,
2022-09-04,193,49500,2049,4430,1147,294,156,236,206,864,203,15,3276,105,
2022-09-05,194,49800,2068,4459,1157,294,156,236,206,867,205,15,3286,107,
2022-09-06,195,50150,2077,4484,1179,296,156,236,207,876,209,15,3305,109,
2022-09-07,196,50610,2097,4520,1194,300,156,237,208,880,214,15,3320,109,
2022-09-08,197,51250,2112,4557,1226,305,159,239,210,884,214,15,3344,110,
2022-09-09,198,51900,2122,4575,1237,306,159,239,211,888,214,15,3399,114,
2022-09-10,199,52250,2136,4584,1259,311,162,239,212,898,215,15,3426,116,
2022-09-11,200,52650,2154,4617,1263,311,162,242,213,902,216,15,3445,117,
2022-09-12,201,52950,2168,4640,1269,311,162,243,213,903,216,15,3463,117,
2022-09-13,202,53300,2175,4662,1279,311,165,244,213,904,233,15,3496,117,
2022-09-14,203,53650,2180,4665,1290,311,167,246,215,908,233,15,3501,120,
2022-09-15,204,53850,2193,4682,1295,311,167,250,215,908,233,15,3522,120,
2022-09-16,205,54050,2199,4690,1302,312,168,250,216,908,233,15,3550,121,
2022-09-17,206,54250,2202,4701,1306,312,168,251,216,911,236,15,3571,121,
2022-09-18,207,54480,2210,4718,1309,312,168,251,217,918,238,15,3578,122,
2022-09-19,208,54650,2212,4720,1313,312,168,251,217,920,238,15,3581,125,
2022-09-20,209,54810,2216,4724,1323,318,168,252,217,925,239,15,3587,125,
2022-09-21,210,55110,2227,4748,1340,318,168,253,217,932,239,15,3610,125,
2022-09-22,211,55510,2236,4776,1341,318,169,253,218,941,240,15,3630,125,
2022-09-23,212,56060,2254,4796,1355,326,170,254,219,950,240,15,3659,126,
2022-09-24,213,56300,2262,4807,1361,327,170,255,220,956,240,15,3681,126,
2022-09-25,214,56700,2275,4832,1368,328,171,259,220,966,241,15,3701,130,
2022-09-26,215,57200,2290,4857,1369,330,172,260,224,970,241,15,3711,131,
2022-09-27,216,57750,2306,4881,1378,331,175,261,224,977,241,15,3730,131,
2022-09-28,217,58150,2312,4889,1381,331,175,262,224,989,242,15,3742,131,
2022-09-29,218,58580,2325,4909,1385,331,175,262,224,995,246,15,3751,131,
2022-09-30,219,59080,2338,4932,1391,333,176,264,225,1003,246,15,3768,131,
2022-10-01,220,59610,2354,4949,1397,336,176,264,226,1009,246,15,3786,131,
2022-10-02,221,60110,2377,4975,1405,337,176,264,227,1015,246,15,3796,131,
2022-10-03,222,60430,2380,4991,1405,338,176,265,228,1026,246,15,3815,131,
2022-10-04,223,60800,2424,5018,1407,340,177,266,228,1028,246,15,3823,131,
2022-10-05,224,61000,2435,5038,1414,341,177,266,232,1032,246,15,3841,132,
2022-10-06,225,61330,2449,5064,1424,344,177,266,232,1047,246,15,3854,134,
2022-10-07,226,61680,2466,5093,1455,344,177,266,233,1067,246,15,3862,135,
2022-10-08,227,62060,2472,5111,1459,345,180,266,234,1079,246,15,3875,136,
2022-10-09,228,62500,2486,5133,1477,348,180,266,235,1086,247,15,3890,136,
2022-10-10,229,62870,2495,5149,1486,353,181,267,235,1097,249,15,3908,136,
2022-10-11,230,63110,2504,5162,1496,353,181,268,235,1114,295,15,3916,136,
2022-10-12,231,63380,2505,5165,1539,355,183,268,235,1149,316,16,3926,140,
2022-10-13,232,63800,2511,5167,1556,357,183,268,240,1182,316,16,3935,140,
2022-10-14,233,64300,2521,5172,1566,362,186,268,240,1199,316,16,3944,142,
2022-10-15,234,64700,2524,5179,1582,365,186,268,242,1210,316,16,3951,142,
2022-10-16,235,65000,2529,5193,1589,365,186,268,242,1224,316,16,3959,143,
2022-10-17,236,65320,2537,5205,1599,366,187,268,242,1241,316,16,3969,144,
2022-10-18,237,65850,2548,5219,1622,372,188,268,242,1276,318,16,3985,144,
2022-10-19,238,66280,2554,5235,1637,372,189,269,242,1286,323,16,3999,146,
2022-10-20,239,66650,2567,5255,1646,372,189,269,243,1311,329,16,4005,147,
2022-10-21,240,66750,2573,5258,1648,372,189,269,243,1325,329,16,4006,147,
2022-10-22,241,67070,2579,5266,1653,373,189,270,243,1341,329,16,4021,148,
2022-10-23,242,67470,2584,5284,1667,374,189,270,245,1361,350,16,4039,148,
2022-10-24,243,67940,2590,5295,1673,375,189,270,245,1370,350,16,4044,149,
2022-10-25,244,68420,2611,5321,1674,377,190,271,248,1372,350,16,4054,149,
2022-10-26,245,68900,2628,5351,1686,379,192,271,248,1379,350,16,4076,149,
2022-10-27,246,69220,2631,5364,1690,379,192,271,249,1398,351,16,4078,150,
2022-10-28,247,69700,2640,5378,1698,379,192,272,251,1401,351,16,4088,151,
2022-10-29,248,70250,2659,5401,1708,380,195,273,252,1406,351,16,4107,152,
2022-10-30,249,71200,2672,5453,1724,383,197,274,252,1412,352,16,4120,154,
2022-10-31,250,71820,2686,5485,1728,383,197,275,253,1413,352,16,4128,154,
2022-11-01,251,72470,2698,5501,1730,383,197,276,257,1415,397,16,4143,154,
2022-11-02,252,73270,2714,5525,1733,387,198,277,258,1438,397,16,4153,154,
2022-11-03,253,74000,2734,5552,1755,390,198,277,258,1442,397,16,4162,155,
2022-11-04,254,74840,2750,5580,1772,391,201,277,258,1450,397,16,4174,155,
2022-11-05,255,75440,2758,5601,1776,391,202,277,260,1462,399,16,4184,155,
2022-11-06,256,75930,2765,5611,1781,391,202,277,260,1465,399,16,4191,155,
2022-11-07,257,76460,2771,5630,1782,391,202,277,260,1472,399,16,4199,157,
2022-11-08,258,77170,2786,5654,1791,391,203,278,260,1472,399,16,4216,159,
2022-11-09,259,77950,2801,5666,1802,393,205,278,260,1483,399,16,4227,159,
2022-11-10,260,78690,2804,5682,1805,393,205,278,260,1499,399,16,4242,159,
2022-11-11,261,79400,2814,5696,1817,393,205,278,261,1505,399,16,4259,159,
2022-11-12,262,80210,2838,5730,1829,393,205,278,261,1506,399,16,4279,160,
2022-11-13,263,80860,2840,5742,1837,393,206,278,261,1507,399,16,4295,160,
2022-11-14,264,81370,2848,5748,1839,393,206,278,261,1509,399,16,4316,160,
2022-11-15,265,82080,2861,5773,1850,393,208,278,261,1511,399,16,4351,160,
2022-11-16,266,82710,2871,5797,1860,393,209,278,261,1525,474,16,4360,160,
2022-11-17,267,83110,2878,5804,1860,393,209,278,261,1531,474,16,4362,160,
2022-11-18,268,83460,2879,5808,1865,393,209,278,261,1536,480,16,4366,161,
2022-11-19,269,83880,2885,5815,1867,393,209,278,261,1536,480,16,4368,161,
2022-11-20,270,84210,2886,5817,1868,393,209,278,261,1537,480,16,4371,161,
2022-11-21,271,84600,2892,5822,1870,393,209,278,261,1537,480,16,4378,161,
2022-11-22,272,85000,2895,5827,1882,395,209,278,261,1537,480,16,4393,161,
2022-11-23,273,85410,2897,5832,1887,395,209,278,261,1537,480,16,4396,161,
2022-11-24,274,85720,2898,5839,1889,395,209,278,261,1547,531,16,4400,161,
2022-11-25,275,86150,2899,5844,1895,395,209,278,261,1553,531,16,4404,163,
2022-11-26,276,86710,2901,5848,1896,395,209,278,261,1554,531,16,4406,163,
2022-11-27,277,87310,2905,5856,1897,395,209,278,261,1555,531,16,4412,163,
2022-11-28,278,87900,2908,5861,1899,395,209,278,261,1555,531,16,4416,163,
2022-11-29,279,88380,2911,5866,1901,395,209,280,261,1555,531,16,4423,163,
2022-11-30,280,88880,2914,5872,1902,395,210,280,261,1562,531,16,4429,163,
2022-12-01,281,89440,2915,5877,1904,395,210,280,261,1562,531,16,4441,163,
2022-12-02,282,90090,2916,5883,1905,395,210,280,262,1564,531,16,4464,163,
2022-12-03,283,90600,2917,5886,1906,395,210,280,263,1572,531,16,4472,163,
2022-12-04,284,91150,2922,5892,1908,395,210,281,263,1573,531,16,4479,163,
2022-12-05,285,91690,2924,5900,1914,395,211,281,264,1582,531,16,4497,163,
2022-12-06,286,92200,2929,5905,1915,395,211,281,264,1587,592,16,4505,163,
2022-12-07,287,92740,2935,5909,1923,395,211,281,264,1601,592,16,4526,163,
2022-12-08,288,93080,2937,5911,1925,395,211,281,264,1603,592,16,4528,164,
2022-12-09,289,93390,2937,5912,1926,395,211,281,264,1603,592,16,4531,164,
2022-12-10,290,93760,2940,5917,1927,397,211,281,264,1603,592,16,4535,167,
2022-12-11,291,94140,2942,5920,1928,397,211,281,264,1613,592,16,4540,167,
2022-12-12,292,94760,2966,5928,1929,397,211,281,264,1617,592,16,4544,169,
2022-12-13,293,95260,2966,5930,1931,404,211,281,264,1617,592,16,4549,170,
2022-12-14,294,96000,2970,5937,1931,404,211,281,264,1617,592,16,4562,171,
2022-12-15,295,96590,2975,5946,1943,406,211,281,264,1644,592,16,4563,172,
2022-12-16,296,97270,2980,5952,1946,410,211,281,264,1648,592,16,4563,172,
2022-12-17,297,97690,2985,5958,1947,410,211,281,264,1648,653,16,4577,174,
2022-12-18,298,98280,2987,5963,1948,410,211,281,264,1649,653,16,4579,174,
2022-12-19,299,98800,2988,5969,1953,410,212,281,264,1657,653,16,4592,175,
2022-12-20,300,99230,2995,5974,1960,410,212,281,266,1680,653,16,4599,177,
2022-12-21,301,99740,3002,5979,1972,412,212,282,267,1688,653,16,4608,178,
2022-12-22,302,100400,3003,5981,1978,413,212,283,267,1693,653,16,4615,178,
2022-12-23,303,100950,3005,5986,1984,414,212,283,267,1698,653,16,4622,178,
2022-12-24,304,101430,3006,5994,1988,418,212,283,267,1706,653,16,4627,178,
2022-12-25,305,102050,3011,6010,1991,418,212,283,267,1706,653,16,4635,178,
2022-12-26,306,102600,3016,6017,1996,418,212,283,267,1707,653,16,4647,178,
2022-12-27,307,103220,3016,6024,1998,418,212,283,267,1707,653,16,4652,179,
2022-12-28,308,103770,3017,6037,1999,418,212,283,267,1707,653,16,4660,179,
2022-12-29,309,104560,3018,6047,2004,423,212,283,268,1717,653,16,4675,179,
2022-12-30,310,105250,3026,6059,2010,423,212,283,268,1740,711,16,4683,180,
2022-12-31,311,105960,3029,6075,2016,423,213,283,269,1746,711,16,4707,180,
2023-01-01,312,106720,3031,6084,2021,423,213,283,269,1792,723,16,4720,181,
2023-01-02,313,107440,3031,6093,2027,423,213,283,269,1836,723,16,4725,181,
2023-01-03,314,108190,3036,6100,2033,424,214,283,270,1839,723,16,4735,181,
2023-01-04,315,108910,3038,6106,2039,424,215,283,270,1842,723,16,4745,181,
2023-01-05,316,109720,3041,6108,2051,426,215,284,271,1844,723,16,4759,182,
2023-01-06,317,110250,3064,6124,2059,431,215,285,272,1844,723,16,4797,182,
2023-01-07,318,110740,3066,6125,2062,431,217,285,272,1844,723,16,4798,182,
2023-01-08,319,111170,3069,6130,2065,431,217,285,272,1849,723,16,4801,183,
2023-01-09,320,111760,3080,6147,2069,434,217,285,275,1856,723,16,4809,183,
2023-01-10,321,112470,3084,6154,2073,434,217,285,275,1860,723,17,4817,183,
2023-01-11,322,112960,3094,6159,2078,437,217,285,275,1862,723,17,4826,184,
2023-01-12,323,113390,3094,6159,2082,437,218,285,276,1865,723,17,4826,184,
2023-01-13,324,114130,3098,6167,2086,437,218,286,276,1865,723,17,4833,184,
2023-01-14,325,114660,3104,6173,2090,437,219,286,276,1867,723,17,4846,186,
2023-01-15,326,115290,3106,6183,2094,437,219,286,276,1872,749,17,4846,187,
2023-01-16,327,116080,3118,6204,2099,438,220,286,276,1872,749,17,4870,190,
2023-01-17,328,116950,3121,6215,2104,441,220,286,276,1872,749,17,4877,190,
2023-01-18,329,117770,3130,6225,2108,442,220,287,276,1876,749,17,4889,190,
2023-01-19,330,118530,3136,6235,2122,442,220,287,277,1882,749,17,4896,190,
2023-01-20,331,119300,3139,6241,2129,442,220,287,277,1886,749,17,4903,190,
2023-01-21,332,120160,3140,6256,2135,443,220,287,277,1891,749,17,4918,193,
2023-01-22,333,120760,3145,6268,2144,445,220,287,277,1892,749,17,4932,193,
2023-01-23,334,121480,3150,6276,2146,447,220,287,277,1894,749,18,4936,193,
2023-01-24,335,122170,3152,6284,2148,448,220,289,281,1897,749,18,4944,194,
2023-01-25,336,123080,3161,6307,2154,450,220,290,281,1902,749,18,4967,194,
2023-01-26,337,123860,3175,6334,2169,452,220,292,282,1908,749,18,4986,195,
2023-01-27,338,124710,3182,6340,2180,452,221,292,283,1941,796,18,5001,199,
2023-01-28,339,125510,3189,6344,2188,453,221,293,284,1947,796,18,5027,199,
2023-01-29,340,126160,3197,6366,2195,453,221,293,284,1947,796,18,5037,199,
2023-01-30,341,126650,3201,6369,2196,453,221,293,284,1947,796,18,5041,199,
2023-01-31,342,127500,3201,6378,2197,454,221,293,284,1951,796,18,5048,200,
2023-02-01,343,128420,3209,6382,2207,458,221,293,284,1951,796,18,5061,200,
2023-02-02,344,129030,3211,6382,2212,458,222,293,284,1951,796,18,5064,200,
2023-02-03,345,129870,3215,6388,2215,460,222,294,284,1952,796,18,5068,202,
2023-02-04,346,130590,3218,6394,2220,460,225,294,284,1956,796,18,5081,203,
2023-02-05,347,131290,3220,6405,2226,460,227,294,284,1958,796,18,5091,203,
2023-02-06,348,132160,3231,6415,2231,461,227,294,284,1958,796,18,5104,203,
2023-02-07,349,133190,3245,6443,2232,461,227,294,284,1958,796,18,5107,208,
2023-02-08,350,134100,3253,6458,2236,461,228,295,285,1961,796,18,5112,211,
2023-02-09,351,135010,3255,6468,2244,463,232,295,285,1967,796,18,5121,211,
2023-02-10,352,135740,3258,6471,2251,463,233,295,286,1970,796,18,5126,211,
2023-02-11,353,136880,3267,6474,2270,463,234,295,286,1997,857,18,5134,214,
2023-02-12,354,137780,3280,6488,2287,465,234,296,286,2007,857,18,5148,215,
2023-02-13,355,138340,3283,6492,2290,465,234,296,286,2007,857,18,5150,217,
2023-02-14,356,139080,3286,6500,2299,466,234,298,286,2011,857,18,5155,218,
2023-02-15,357,139770,3290,6507,2303,466,236,298,286,2011,857,18,5161,219,
2023-02-16,358,140460,3296,6517,2306,466,239,298,287,2012,857,18,5167,219,
2023-02-17,359,141260,3298,6520,2322,467,241,298,287,2013,871,18,5187,221,
2023-02-18,360,142270,3303,6533,2326,469,243,298,287,2016,871,18,5196,223,
2023-02-19,361,142860,3310,6545,2327,469,243,298,287,2016,873,18,5196,224,
2023-02-20,362,143680,3316,6553,2334,471,243,299,287,2018,873,18,5209,225,
2023-02-21,363,144440,3326,6562,2338,471,243,299,287,2023,873,18,5210,226,
2023-02-22,364,145060,3334,6569,2345,471,243,299,287,2026,873,18,5212,226,
2023-02-23,365,145850,3350,6593,2352,471,244,299,287,2029,873,18,5215,228,
2023-02-24,366,146820,3363,6600,2363,474,247,299,287,2033,873,18,5224,229,
2023-02-25,367,147470,3375,6609,2373,475,247,299,288,2035,873,18,5235,230,
2023-02-26,368,148130,3381,6615,2380,475,247,299,288,2037,873,18,5242,230,
2023-02-27,369,148690,3385,6621,2380,475,247,300,288,2048,873,18,5248,230,
2023-02-28,370,149240,3388,6630,2383,478,247,300,288,2051,873,18,5252,230,
2023-03-01,371,149890,3395,6638,2393,479,247,300,288,2055,873,18,5257,230,
2023-03-02,372,150605,3397,6658,2398,480,247,300,288,2058,873,18,5264,230,
2023-03-03,373,151370,3405,6673,2402,484,247,301,289,2061,873,18,5281,230,
2023-03-04,374,152190,3409,6683,2414,487,247,302,289,2066,873,18,5289,230,
2023-03-05,375,153120,3414,6692,2426,488,248,302,289,2071,873,18,5299,232,
2023-03-06,376,153770,3423,6703,2433,488,250,302,289,2086,873,18,5307,234,
2023-03-07,377,154830,3432,6714,2456,488,253,303,289,2095,873,18,5323,236,
2023-03-08,378,155530,3436,6723,2463,488,253,303,289,2098,873,18,5330,236,
2023-03-09,379,156120,3441,6736,2465,488,254,303,289,2098,873,18,5331,237,
2023-03-10,380,156990,3448,6742,2475,491,256,304,289,2107,907,18,5337,240,
2023-03-11,381,158000,3458,6762,2483,493,257,304,289,2108,907,18,5344,242,
2023-03-12,382,159090,3466,6769,2487,493,259,304,289,2108,907,18,5348,242,
2023-03-13,383,159800,3474,6774,2503,493,259,304,289,2109,907,18,5354,251,
2023-03-14,384,160540,3484,6789,2519,495,260,304,289,2120,907,18,5367,256,
2023-03-15,385,161520,3492,6799,2528,502,262,304,289,2132,907,18,5377,257,
2023-03-16,386,162560,3504,6810,2539,503,265,305,289,2145,907,18,5394,257,
2023-03-17,387,163320,3506,6823,2552,504,265,305,290,2145,907,18,5401,258,
2023-03-18,388,164200,3511,6830,2560,506,265,305,290,2159,907,18,5404,259,
2023-03-19,389,164910,3532,6853,2568,507,268,305,290,2159,907,18,5408,262,
2023-03-20,390,165610,3537,6869,2577,507,270,305,290,2160,907,18,5416,265,
2023-03-21,391,166570,3552,6879,2586,507,270,305,290,2167,907,18,5428,266,
2023-03-22,392,167490,3557,6887,2589,509,272,305,290,2183,909,18,5434,270,
2023-03-23,393,168150,3570,6898,2608,511,273,305,290,2203,909,18,5452,273,
2023-03-24,394,169170,3574,6921,2616,511,276,305,290,2208,911,18,5464,277,
2023-03-25,395,169890,3580,6932,2623,520,276,305,291,2214,911,18,5483,279,
2023-03-26,396,170550,3595,6947,2631,522,277,305,291,2216,911,18,5486,282,
2023-03-27,397,171160,3595,6953,2638,523,277,305,291,2216,911,18,5493,285,
2023-03-28,398,171730,3602,6966,2653,525,277,305,291,2235,911,18,5502,287,
2023-03-29,399,172340,3609,6966,2659,526,277,306,291,2239,911,18,5507,288,
2023-03-30,400,172900,3610,6974,2671,526,277,306,291,2239,911,18,5518,291,
2023-03-31,401,173360,3615,6977,2675,526,278,306,291,2248,911,18,5521,294,
2023-04-01,402,173990,3616,6981,2683,527,279,306,291,2248,911,18,5528,296,
2023-04-02,403,174550,3618,6986,2687,527,279,306,291,2249,911,18,5537,296,
2023-04-03,404,175160,3619,6993,2694,527,280,306,291,2262,911,18,5553,298,
2023-04-04,405,175690,3627,6999,2697,528,280,306,291,2277,911,18,5562,298,
2023-04-05,406,176240,3629,7005,2707,532,280,306,291,2283,911,18,5573,299,
2023-04-06,407,176630,3631,7013,2714,532,281,306,292,2287,911,18,5574,302,
2023-04-07,408,177110,3633,7016,2722,533,281,306,292,2291,911,18,5587,304,
2023-04-08,409,177680,3636,7020,2727,533,282,307,292,2298,911,18,5599,304,
2023-04-09,410,178150,3636,7024,2740,533,282,307,292,2312,911,18,5602,309,
2023-04-10,411,178820,3637,7028,2750,534,282,307,292,2323,911,18,5607,311,
2023-04-11,412,179320,3644,7038,2765,535,282,307,293,2332,911,18,5620,316,
2023-04-12,413,180050,3646,7043,2770,535,282,307,293,2334,911,18,5630,319,
2023-04-13,414,180590,3646,7053,2777,535,283,307,293,2339,911,18,5637,320,
2023-04-14,415,181090,3650,7069,2784,535,283,307,293,2339,911,18,5640,321,
2023-04-15,416,181550,3653,7073,2785,535,283,307,293,2339,911,18,5646,324,
2023-04-16,417,182070,3657,7083,2795,538,284,308,293,2339,911,18,5658,326,
2023-04-17,418,182660,3660,7087,2804,538,285,308,293,2347,911,18,5672,328,
2023-04-18,419,183130,3661,7098,2810,538,285,308,293,2353,911,18,5676,330,
2023-04-19,420,183750,3665,7110,2819,538,285,308,293,2376,911,18,5655,330,
2023-04-20,421,184420,3667,7120,2825,539,285,308,293,2386,911,18,5707,332,
2023-04-21,422,185050,3668,7126,2827,539,285,308,293,2394,911,18,5713,334,
2023-04-22,423,185730,3672,7130,2832,539,289,308,293,2398,911,18,5718,337,
2023-04-23,424,186420,3675,7131,2837,539,289,308,294,2402,911,18,5730,399,
2023-04-24,425,187080,3683,7139,2849,539,289,308,294,2413,911,18,5753,339,
2023-04-25,426,187770,3688,7151,2863,539,291,308,294,2437,911,18,5784,345,
2023-04-26,427,188410,3692,7162,2877,539,292,308,294,2440,911,18,5792,352,
2023-04-27,428,188920,3694,7178,2887,542,293,308,294,2461,911,18,5805,352,
2023-04-28,429,189460,3694,7181,2905,543,294,308,294,2467,911,18,5819,353,
2023-04-29,430,190040,3697,7184,2908,543,294,308,294,2471,932,18,5836,355,
2023-04-30,431,190510,3699,7189,2914,544,295,308,294,2475,932,18,5842,357,
2023-05-01,432,190960,3700,7192,2921,544,295,308,294,2476,932,18,5845,359,
2023-05-02,433,191420,3701,7193,2930,544,298,308,294,2477,947,18,5851,360,
2023-05-03,434,191940,3702,7199,2946,544,300,308,294,2505,947,18,5865,363,
2023-05-04,435,192590,3707,7216,2962,547,304,308,294,2523,947,18,5886,370,
2023-05-05,436,193210,3710,7224,2978,550,304,308,294,2540,947,18,5916,373,
2023-05-06,437,193770,3717,7238,2992,552,306,308,294,2554,947,18,5936,375,
2023-05-07,438,194330,3723,7248,3010,554,306,308,294,2572,947,18,5952,380,
2023-05-08,439,194970,3730,7253,3018,554,306,308,294,2614,947,18,5958,384,
2023-05-09,440,195620,3734,7257,3031,554,307,308,294,2618,955,18,5669,388,
2023-05-10,441,196310,3736,7275,3039,555,308,308,294,2624,970,18,5974,389,
2023-05-11,442,196920,3740,7287,3053,557,310,308,294,2627,970,18,5984,391,
2023-05-12,443,197670,3745,7295,3068,559,312,308,294,2636,970,18,5996,393,
2023-05-13,444,198260,3751,7307,3095,561,314,308,294,2665,970,18,6011,402,
2023-05-14,445,198880,3756,7325,3116,562,314,308,294,2696,970,18,6018,404,
2023-05-15,446,199460,3759,7336,3137,562,316,308,294,2720,973,18,6034,407,
2023-05-16,447,199980,3762,7348,3150,562,316,308,294,2732,973,18,6048,410,
2023-05-17,448,200590,3771,7365,3166,562,318,308,294,2748,982,18,6067,417,
2023-05-18,449,201100,3773,7373,3198,563,318,308,294,2759,990,18,6073,418,
2023-05-19,450,201760,3777,7377,3210,564,319,308,294,2769,1011,18,6083,419,
2023-05-20,451,202430,3781,7382,3229,564,325,308,294,2801,1011,18,6103,423,
2023-05-21,452,203160,3783,7398,3258,564,327,308,294,2822,1011,18,6115,425,
2023-05-22,453,203880,3785,7407,3278,565,327,309,294,2830,1011,18,6129,427,
2023-05-23,454,204360,3789,7419,3318,565,327,309,295,2864,1015,18,6139,433,
2023-05-24,455,204760,3792,7424,3339,570,327,309,296,2871,1015,18,6146,440,
2023-05-25,456,205260,3795,7432,3359,570,327,309,296,2907,1015,18,6148,444,
2023-05-26,457,205720,3796,7435,3384,570,328,310,296,2910,1015,18,6161,446,
2023-05-27,458,206200,3794,7442,3406,572,329,310,296,2941,1025,18,6172,449,
2023-05-28,459,206600,3797,7456,3425,574,329,313,298,2993,1056,18,6192,451,
2023-05-29,460,207030,3801,7467,3435,575,331,313,298,3054,1056,18,6207,453,
2023-05-30,461,207440,3802,7469,3445,575,332,313,298,3092,1107,18,6219,454,
2023-05-31,462,207910,3802,7472,3460,575,333,313,298,3124,1107,18,6230,454,
2023-06-01,463,208370,3804,7478,3474,575,333,313,298,3131,1107,18,6239,458,
2023-06-02,464,208910,3819,7490,3501,575,335,313,298,3137,1117,18,6267,465,
2023-06-03,465,209470,3829,7502,3533,582,342,313,298,3165,1132,18,6289,475,
2023-06-04,466,209940,3837,7512,3555,583,344,313,298,3175,1132,18,6305,479,
2023-06-05,467,210350,3848,7523,3567,584,349,313,298,3189,1136,18,6312,484,
2023-06-06,468,211150,3860,7543,3603,590,351,313,299,3212,1171,18,6332,489,
2023-06-07,469,212030,3873,7560,3640,594,352,314,299,3219,1171,18,6349,492,
2023-06-08,470,212760,3891,7576,3668,595,355,314,299,3234,1171,18,6384,500,
2023-06-09,471,213770,3901,7600,3702,599,359,314,299,3247,1171,18,6410,502,
2023-06-10,472,214660,3909,7607,3717,600,362,314,299,3263,1176,18,6428,507,
2023-06-11,473,215640,3926,7631,3736,601,362,314,299,3300,1183,18,6461,509,
2023-06-12,474,216180,3931,7636,3746,601,362,314,299,3307,1183,18,6471,510,
2023-06-13,475,216650,3935,7642,3766,601,363,314,300,3309,1183,18,6473,511,
2023-06-14,476,217330,3943,7653,3783,603,364,314,300,3324,1196,18,6482,516,
2023-06-15,477,217910,3955,7667,3793,604,364,314,301,3333,1199,18,6506,519,
2023-06-16,478,218500,3965,7683,3812,606,364,314,301,3357,1199,18,6519,519,
2023-06-17,479,219170,3977,7706,3834,609,364,314,302,3364,1211,18,6557,520,
2023-06-18,480,219820,3984,7729,3847,610,364,314,304,3371,1211,18,6571,522,
2023-06-19,481,220450,3989,7735,3865,610,370,314,305,3383,1211,18,6613,526,
2023-06-20,482,221460,3997,7750,3888,614,372,314,306,3393,1214,18,6645,531,
2023-06-21,483,222000,4006,7771,3920,615,375,314,306,3428,1214,18,6667,539,
2023-06-22,484,222650,4013,7783,3941,617,376,314,307,3438,1214,18,6678,539,
2023-06-23,485,223330,4014,7798,3985,617,379,314,307,3447,1214,18,6708,545,
2023-06-24,486,223910,4024,7804,4015,619,383,314,308,3460,1228,18,6731,548,
2023-06-25,487,224630,4030,7806,4034,624,385,314,308,3472,1259,18,6735,552,
2023-06-26,488,225580,4031,7820,4055,624,385,314,308,3482,1259,18,6751,557,
2023-06-27,489,226170,4036,7834,4083,626,386,314,308,3492,1261,18,6772,563,
2023-06-28,490,227100,4036,7847,4089,627,387,314,308,3499,1261,18,6774,563,
2023-06-29,491,227780,4038,7857,4116,627,388,315,308,3513,1261,18,6780,569,
2023-06-30,492,228340,4041,7863,4127,630,389,315,308,3519,1261,18,6785,569,
2023-07-01,493,228870,4042,7868,4162,632,389,315,308,3545,1261,18,6794,580,
2023-07-02,494,229660,4052,7888,4188,637,390,315,308,3557,1261,18,6816,583,
2023-07-03,495,230260,4057,7899,4220,641,391,315,309,3573,1264,18,6834,590,
2023-07-04,496,231030,4059,7908,4252,647,394,315,309,3602,1264,18,6843,590,
2023-07-05,497,231700,4062,7917,4288,656,395,315,309,3614,1264,18,6865,598,
2023-07-06,498,232300,4068,7932,4310,657,404,315,309,3635,1264,18,6888,605,
2023-07-07,499,232810,4070,7944,4330,658,408,315,309,3652,1271,18,6898,612,
2023-07-08,500,233440,4074,7953,4346,661,410,315,309,3666,1271,18,6914,619,
2023-07-09,501,234040,4078,7964,4366,668,413,315,309,3685,1271,18,6929,628,
2023-07-10,502,234480,4085,7966,4371,668,414,315,309,3686,1271,18,6937,632,
2023-07-11,503,235020,4089,7983,4385,672,414,315,310,3693,1271,18,6966,640,
2023-07-12,504,235530,4090,7990,4402,674,415,315,310,3726,1271,18,6978,647,
2023-07-13,505,236040,4092,7999,4425,678,421,315,310,3752,1271,18,6995,652,
2023-07-14,506,236590,4097,8008,4449,680,423,315,310,3783,1273,18,7019,662,
2023-07-15,507,237180,4102,8019,4463,680,425,315,310,3807,1273,18,7036,664,
2023-07-16,508,237680,4107,8026,4481,681,425,315,310,3820,1273,18,7044,666,
2023-07-17,509,238300,4115,8034,4504,685,428,315,310,3828,1273,18,7059,677,
2023-07-18,510,239010,4119,8051,4542,689,428,315,310,3839,1273,18,7086,677,
2023-07-19,511,239480,4123,8059,4573,689,430,315,310,3885,1279,18,7105,683,
2023-07-20,512,240010,4129,8065,4592,692,433,315,310,3918,1293,18,7134,685,
2023-07-21,513,240690,4133,8080,4610,692,440,315,310,3933,1298,18,7145,686,
2023-07-22,514,241330,4140,8096,4629,693,448,315,310,3944,1298,18,7159,691,
2023-07-23,515,241960,4151,8105,4658,697,451,315,310,3958,1298,18,7172,696,
2023-07-24,516,242620,4162,8118,4675,697,452,315,310,3963,1307,18,7182,698,
2023-07-25,517,243220,4174,8131,4705,698,454,315,310,3977,1307,18,7194,703,
2023-07-26,518,243680,4177,8136,4727,698,457,315,311,3993,1307,18,7211,708,
2023-07-27,519,244270,4186,8147,4745,698,457,315,311,3996,1347,18,7229,708,
2023-07-28,520,244830,4190,8161,4775,698,458,315,311,4007,1347,18,7240,709,
2023-07-29,521,245220,4191,8167,4786,698,458,315,311,4007,1347,18,7247,710,
2023-07-30,522,245700,4205,8178,4795,698,459,315,311,4011,1347,18,7275,711,
2023-07-31,523,246190,4211,8188,4816,699,460,315,311,4017,1347,18,7292,715,
2023-08-01,524,246690,4216,8205,4839,699,462,315,311,4027,1347,18,7324,718,
2023-08-02,525,247230,4217,8213,4866,700,463,315,311,4042,1347,18,7349,718,
2023-08-03,526,247850,4224,8234,4892,704,465,315,311,4077,1347,18,7372,721,
2023-08-04,527,248490,4228,8249,4911,704,466,315,311,4104,1347,18,7392,724,
2023-08-05,528,249110,4232,8251,4943,704,466,315,311,4116,1347,18,7422,730,
2023-08-06,529,249700,4237,8262,4965,705,466,315,311,4126,1359,18,7441,734,
2023-08-07,530,250240,4244,8270,4977,709,467,315,311,4154,1377,18,7451,735,
2023-08-08,531,250800,4254,8278,4996,709,468,315,312,4158,1377,18,7460,737,
2023-08-09,532,251620,4262,8290,5013,711,469,315,312,4175,1377,18,7479,742,
2023-08-10,533,252200,4278,8303,5028,711,469,315,313,4179,1377,18,7495,746,
2023-08-11,534,252780,4290,8318,5043,713,471,315,313,4197,1377,18,7511,756,
2023-08-12,535,253290,4295,8324,5053,713,472,315,313,4201,1378,18,7523,759,
2023-08-13,536,253850,4298,8335,5072,713,477,315,313,4204,1379,18,7543,760,
2023-08-14,537,254380,4306,8354,5099,714,479,315,313,4213,1379,18,7562,766,
2023-08-15,538,254920,4313,8370,5128,714,482,315,314,4242,1387,18,7584,769,
2023-08-16,539,255570,4324,8380,5152,714,485,315,314,4248,1404,18,7614,773,
2023-08-17,540,256050,4329,8398,5169,714,486,315,314,4272,1406,18,7641,773,
2023-08-18,541,256510,4332,8410,5193,714,486,315,316,4276,1406,18,7658,783,
2023-08-19,542,257010,4340,8424,5212,714,486,315,316,4282,1406,18,7665,783,
2023-08-20,543,257470,4346,8435,5245,717,489,315,316,4304,1406,18,7680,790,
2023-08-21,544,257930,4358,8449,5264,719,489,315,316,4309,1406,18,7692,794,
2023-08-22,545,258340,4362,8476,5295,721,491,315,316,4312,1406,18,7722,797,
2023-08-23,546,258820,4373,8488,5318,722,491,315,316,4324,1406,18,7745,800,
2023-08-24,547,259160,4375,8511,5333,723,494,315,316,4344,1406,18,7773,801,
2023-08-25,548,259630,4378,8521,5361,724,495,315,316,4356,1409,18,7790,802,
2023-08-26,549,260270,4390,8539,5379,726,497,315,316,4367,1411,18,7823,804,
2023-08-27,550,260820,4396,8554,5403,728,498,315,316,4378,1411,18,7854,808,
2023-08-28,551,261310,4400,8562,5425,730,499,315,316,4383,1415,18,7866,809,
2023-08-29,552,261840,4414,8579,5450,733,500,315,316,4387,1419,18,7409,820,
2023-08-30,553,262410,4423,8596,5476,733,500,315,316,4395,1419,18,7953,825,
2023-08-31,554,263020,4436,8604,5507,734,500,315,316,4417,1445,18,7976,830,
2023-09-01,555,263490,4459,8613,5530,735,500,315,316,4421,1445,18,8009,831,
2023-09-02,556,264060,4471,8637,5560,736,501,315,316,4433,1447,18,8043,835,
2023-09-03,557,264660,4476,8649,5582,739,502,315,316,4444,1447,18,8102,841,
2023-09-04,558,265120,4480,8663,5611,741,503,315,316,4481,1447,19,8149,847,
2023-09-05,559,265680,4489,8670,5649,747,504,315,316,4512,1447,19,8175,851,
2023-09-06,560,266290,4497,8682,5685,748,505,315,316,4519,1447,19,8190,852,
2023-09-07,561,266900,4506,8703,5722,753,506,315,316,4541,1455,19,8217,859,
2023-09-08,562,267540,4529,8726,5753,754,507,315,316,4570,1455,19,8264,860,
2023-09-09,563,268140,4544,8739,5789,757,508,315,316,4588,1455,19,8298,870,
2023-09-10,564,268630,4554,8755,5811,760,509,315,316,4593,1455,19,8338,872,
2023-09-11,565,269210,4560,8767,5839,760,512,315,316,4628,1455,19,8370,877,
2023-09-12,566,269760,4568,8778,5872,764,515,315,316,4645,1455,19,8413,881,
2023-09-13,567,270350,4584,8792,5902,766,517,315,316,4650,1455,19,8444,884,
2023-09-14,568,270970,4599,8810,5944,769,517,315,316,4697,1455,20,8458,889,1
2023-09-15,569,271440,4612,8814,5972,774,521,315,316,4714,1455,20,8492,889,1
2023-09-16,570,271790,4616,8824,5988,774,521,315,316,4738,1455,20,8525,891,1
2023-09-17,571,272320,4620,8828,6003,776,523,315,316,4742,1455,20,8537,896,1
2023-09-18,572,272940,4623,8834,6027,776,525,315,316,4769,1462,20,8571,901,1
2023-09-19,573,273460,4628,8851,6062,778,526,315,316,4784,1479,20,8601,903,1
2023-09-20,574,273980,4635,8868,6096,779,526,315,316,4821,1479,20,8633,906,1
2023-09-21,575,274470,4638,8883,6137,781,528,315,316,4850,1479,20,8670,911,1
2023-09-22,576,274950,4644,8891,6177,785,528,315,316,4858,1517,20,8690,912,1
2023-09-23,577,275460,4655,8912,6210,789,530,315,316,4867,1518,20,8716,912,1
2023-09-24,578,275850,4662,8914,6233,789,531,315,316,4888,1518,20,8734,914,1
2023-09-25,579,276270,4667,8927,6260,791,533,315,316,4895,1518,20,8746,918,1
2023-09-26,580,276670,4672,8946,6299,792,533,315,316,4924,1529,20,8763,925,1
2023-09-27,581,276990,4675,8950,6337,792,534,315,316,4948,1529,20,8792,927,1
2023-09-28,582,277320,4679,8962,6375,793,535,315,316,4957,1529,20,8815,929,1
2023-09-29,583,277660,4687,8972,6409,794,536,315,316,4991,1529,20,8836,930,1
2023-09-30,584,278130,4691,8984,6447,796,537,315,316,5006,1529,20,8854,932,1
2023-10-01,585,278570,4702,8991,6477,798,537,316,316,5043,1529,20,8883,933,1
2023-10-02,586,279080,4717,9000,6525,801,540,316,316,5061,1529,20,8909,938,1
2023-10-03,587,279440,4732,9008,6565,801,540,315,316,5080,1529,20,8932,943,1
2023-10-04,588,279890,4745,9026,6612,802,540,315,316,5121,1530,20,8962,943,1
2023-10-05,589,280470,4757,9052,6643,804,540,315,316,5129,1530,20,8980,948,1
2023-10-06,590,281090,4777,9082,6666,806,540,315,316,5158,1530,20,9015,951,1
2023-10-07,591,281700,4800,9102,6688,808,541,315,316,5185,1530,20,9073,956,1
2023-10-08,592,282280,4821,9123,6705,808,542,315,316,5190,1530,20,9111,959,1
2023-10-09,593,282630,4823,9126,6706,808,543,315,316,5190,1530,20,9113,959,1
2023-10-10,594,283080,4829,9129,6713,808,544,315,316,5207,1530,20,9125,961,1
2023-10-11,595,283900,4863,9220,6731,809,545,316,316,5226,1530,20,9145,965,1
2023-10-12,596,284890,4905,9264,6763,811,545,316,316,5247,1531,20,9170,966,1
2023-10-13,597,285920,4931,9313,6807,811,546,316,316,5264,1531,20,9203,967,1
2023-10-14,598,286890,4940,9337,6833,811,547,316,316,5265,1531,20,9225,971,1
2023-10-15,599,287770,4948,9362,6866,813,547,317,316,5269,1531,20,9249,976,1
2023-10-16,600,288630,4965,9385,6910,814,547,318,317,5280,1531,20,9271,981,1
2023-10-17,601,289430,4979,9405,6936,814,547,318,317,5291,1533,20,9293,982,1
2023-10-18,602,290050,4981,9420,6944,814,547,319,323,5301,1534,20,9303,982,1
2023-10-19,603,290680,4992,9437,6983,818,548,320,324,5318,1534,20,9337,985,1
2023-10-20,604,292060,5047,9557,7012,822,548,320,324,5326,1535,20,9370,985,1
2023-10-21,605,292850,5063,9612,7017,822,548,320,324,5330,1535,20,9391,990,1
2023-10-22,606,293830,5081,9631,7032,825,549,320,324,5339,1535,20,9404,991,1
2023-10-23,607,294700,5093,9653,7057,825,551,320,324,5345,1536,20,9419,998,1
2023-10-24,608,295510,5105,9669,7081,828,552,320,324,5363,1537,20,9447,1006,1
2023-10-25,609,296310,5112,9697,7125,833,554,320,324,5372,1538,20,9474,1007,1
2023-10-26,610,297120,5141,9715,7155,834,556,320,324,5389,1538,20,9507,1010,1
2023-10-27,611,297680,5145,9726,7162,834,556,320,324,5390,1538,20,9513,1011,1
2023-10-28,612,298420,5167,9749,7180,834,558,320,324,5399,1541,20,9524,1011,1
2023-10-29,613,299080,5175,9758,7188,834,558,320,324,5399,1544,20,9532,1012,1
2023-10-30,614,299940,5190,9775,7202,834,559,321,324,5419,1544,20,9555,1014,1
2023-10-31,615,300810,5211,9804,7227,844,562,321,324,5440,1546,20,9590,1016,1
2023-11-01,616,301490,5223,9834,7250,846,563,321,324,5468,1547,20,9624,1019,1
2023-11-02,617,302420,5241,9877,7292,850,566,322,324,5488,1549,20,9658,1032,1
2023-11-03,618,303270,5265,9901,7328,854,566,322,324,5495,1551,20,9691,1034,1
2023-11-04,619,304100,5276,9939,7363,861,568,322,324,5534,1551,20,9716,1038,1
2023-11-05,620,305090,5284,9953,7375,867,570,322,324,5534,1554,20,9730,1047,1
2023-11-06,621,305970,5288,9958,7389,867,570,322,324,5554,1556,20,9744,1047,1
2023-11-07,622,306860,5293,9974,7410,869,570,322,324,5557,1556,20,9767,1049,1
2023-11-08,623,307640,5301,9996,7439,872,572,322,324,5567,1556,20,9814,1054,1
2023-11-09,624,308720,5316,10014,7475,875,577,322,324,5593,1557,20,9853,1059,1
2023-11-10,625,309520,5317,10017,7489,877,578,322,324,5595,1558,20,9876,1060,1
2023-11-11,626,310650,5342,10041,7527,879,579,322,324,5620,1559,22,9925,1069,1
2023-11-12,627,311750,5349,10073,7559,881,580,322,324,5632,1560,22,9944,1078,1
2023-11-13,628,312550,5354,10079,7569,881,580,322,324,5634,1561,22,9949,1079,1
2023-11-14,629,313470,5362,10086,7589,882,580,322,324,5649,1561,22,9973,1081,1
2023-11-15,630,314290,5377,10104,7647,884,582,323,324,5675,1562,22,10020,1083,1
2023-11-16,631,315620,5388,10121,7683,892,585,323,324,5689,1563,22,10060,1084,1
2023-11-17,632,316760,5415,10132,7712,895,585,323,324,5709,1563,22,10077,1086,1
2023-11-18,633,317380,5422,10141,7726,896,586,323,324,5726,1563,22,10091,1090,1
2023-11-19,634,318570,5435,10166,7744,898,588,323,324,5755,1563,22,10120,1096,1
2023-11-20,635,319210,5439,10168,7748,899,588,323,324,5764,1563,22,10127,1097,1
2023-11-21,636,319820,5439,10174,7752,899,588,323,324,5771,1564,22,10134,1098,1
2023-11-22,637,320670,5446,10188,7769,899,589,323,324,5784,1564,22,10159,1105,1
2023-11-23,638,321800,5466,10224,7802,902,591,323,324,5799,1564,22,10198,1107,1
2023-11-24,639,322900,5496,10256,7833,904,595,323,324,5800,1564,22,10230,1108,1
2023-11-25,640,323760,5502,10263,7851,905,596,323,324,5808,1565,22,10259,1112,1
2023-11-26,641,324830,5513,10279,7874,907,597,323,324,5901,1565,22,10288,1113,1
2023-11-27,642,325580,5520,10282,7875,907,597,323,324,5905,1565,22,10299,1113,1
2023-11-28,643,326440,5523,10285,7876,907,597,323,324,5905,1565,22,10302,1113,1
2023-11-29,644,327580,5538,10312,7908,910,600,323,324,5944,1567,22,10348,1121,1
2023-11-30,645,328760,5551,10340,7909,910,600,323,324,5954,1567,22,10361,1124,1
2023-12-01,646,330040,5564,10372,7931,912,602,323,324,5976,1567,22,10399,1137,1
2023-12-02,647,331110,5571,10385,7941,913,602,323,324,5994,1568,22,10410,1138,1
2023-12-03,648,332040,5575,10396,7949,913,602,323,324,5995,1569,22,10432,1140,1
2023-12-04,649,332810,5580,10401,7961,913,602,323,324,6017,1569,22,10451,1141,1
2023-12-05,650,333840,5587,10416,7987,913,605,323,324,6032,1570,22,10483,1148,1
2023-12-06,651,335110,5600,10456,8024,919,605,324,324,6083,1570,22,10532,1153,1
2023-12-07,652,336330,5618,10482,8045,919,605,324,324,6116,1571,22,10561,1156,1
2023-12-08,653,337220,5626,10508,8057,919,605,324,324,6136,1571,22,10591,1159,1
2023-12-09,654,338120,5632,10519,8058,919,605,324,324,6136,1585,22,10598,1159,1
2023-12-10,655,338820,5636,10529,8064,919,605,324,324,6136,1586,22,10623,1162,1
2023-12-11,656,339850,5655,10560,8070,919,605,324,324,6154,1586,22,10636,1168,1
2023-12-12,657,340650,5664,10579,8073,919,605,324,324,6163,1596,22,10650,1170,1
2023-12-13,658,341500,5682,10594,8076,919,605,324,324,6173,1596,22,10662,1176,1
2023-12-14,659,342800,5692,10616,8088,920,605,324,324,6206,1606,22,10675,1185,1
2023-12-15,660,343890,5706,10654,8099,920,605,324,324,6226,1608,22,10699,1189,1
2023-12-16,661,344820,5720,10667,8100,920,605,324,324,6238,1609,22,10710,1190,1
2023-12-17,662,346070,5739,10692,8137,932,609,324,324,6278,1610,22,10766,1194,1
2023-12-18,663,347160,5783,10752,8175,926,610,324,324,6290,1610,22,10822,1198,1
2023-12-19,664,348300,5798,10771,8190,926,611,324,324,6299,1611,22,10842,1200,1
2023-12-20,665,349190,5814,10794,8206,928,611,324,324,6316,1612,22,10871,1203,1
2023-12-21,666,350270,5828,10825,8226,932,611,324,324,6342,1613,22,10919,1208,1
2023-12-22,667,351350,5837,10843,8250,932,611,324,324,6365,1613,22,10944,1217,1
2023-12-23,668,352390,5854,10871,8286,932,611,327,324,6384,1613,22,10995,1223,1
2023-12-24,669,353190,5858,10888,8314,932,611,327,324,6404,1614,22,11022,1229,1
2023-12-25,670,353950,5877,10919,8347,934,613,329,324,6436,1616,22,11075,1234,1
2023-12-26,671,354960,5899,10956,8366,934,614,329,324,6458,1618,23,11109,1239,1
2023-12-27,672,355750,5913,10973,8376,934,616,329,324,6471,1620,23,11140,1240,1
2023-12-28,673,356670,5940,11015,8391,935,617,329,324,6503,1620,23,11180,1247,1
2023-12-29,674,357520,5953,11033,8417,938,620,329,324,6539,1620,23,11215,1254,1
2023-12-30,675,358270,5969,11053,8434,939,621,329,324,6554,1708,23,11244,1260,1
2023-12-31,676,359230,5977,11070,8464,943,623,329,324,6591,1709,23,11292,1268,1
2024-01-01,677,360010,5983,11087,8482,943,625,329,324,6657,1709,23,11330,1277,1
2024-01-02,678,360820,5990,11100,8531,945,626,329,324,6710,1710,23,11365,1284,1
2024-01-03,679,361500,5990,11107,8546,945,629,329,324,6748,1783,23,11391,1298,1
2024-01-04,680,362280,6002,11128,8574,947,630,329,324,6753,1785,23,11423,1304,1
2024-01-05,681,363070,6011,11142,8604,949,631,329,324,6771,1786,23,11463,1313,1
2024-01-06,682,363870,6018,11158,8617,950,633,329,324,6787,1786,23,11478,1317,1
2024-01-07,683,364730,6022,11180,8653,951,637,329,324,6811,1786,23,11523,1327,1
2024-01-08,684,365170,6031,11194,8666,953,638,329,324,6822,1787,23,11542,1328,1
2024-01-09,685,365990,6036,11203,8672,954,638,329,324,6823,1805,23,11552,1333,1
2024-01-10,686,366790,6038,11216,8684,956,639,329,324,6834,1805,23,11575,1336,1
2024-01-11,687,367620,6050,11238,8699,957,641,329,324,6834,1806,23,11596,1337,1
2024-01-12,688,368460,6060,11254,8710,957,642,329,324,6836,1806,23,11612,1339,1
2024-01-13,689,369160,6065,11269,8728,957,646,329,324,6848,1806,23,11632,1345,1
2024-01-14,690,370000,6075,11302,8747,957,648,329,324,6861,1814,23,11667,1353,1
2024-01-15,691,370980,6089,11322,8771,958,650,329,324,6865,1815,23,11698,1356,1
2024-01-16,692,372090,6113,11358,8801,961,653,331,324,6877,1816,23,11731,1365,1
2024-01-17,693,372820,6126,11372,8811,964,653,331,324,6884,1817,23,11755,1367,1
2024-01-18,694,373600,6147,11410,8835,966,653,331,324,6925,1818,23,11794,1380,1
2024-01-19,695,374520,6167,11445,8854,966,654,331,324,6929,1818,23,11831,1384,1
2024-01-20,696,375270,6171,11455,8868,967,654,331,324,6934,1818,23,11848,1389,1
2024-01-21,697,376030,6181,11466,8875,968,655,331,324,6936,1818,23,11862,1392,1
2024-01-22,698,376860,6192,11489,8896,968,657,331,324,6961,1819,23,11891,1397,1
2024-01-23,699,377820,6214,11548,8947,970,657,331,324,6961,1820,23,11956,1409,1
2024-01-24,700,378660,6227,11579,9008,971,659,331,324,6998,1842,23,12005,1416,1
2024-01-25,701,379610,6257,11621,9067,972,660,331,324,7033,1844,23,12044,1420,1
2024-01-26,702,380600,6265,11637,9082,972,660,331,324,7033,1845,23,12064,1425,1
2024-01-27,703,381370,6271,11652,9085,972,660,331,324,7037,1845,23,12072,1433,1
2024-01-28,704,382110,6280,11671,9097,972,660,331,324,7041,1845,23,12103,1436,1
2024-01-29,705,383180,6290,11696,9113,972,660,331,324,7049,1846,23,12149,1443,1
2024-01-30,706,384140,6300,11725,9144,972,663,332,324,7084,1846,23,12191,1448,1
2024-01-31,707,385230,6310,11757,9195,974,663,332,324,7100,1846,23,12231,1452,1
2024-02-01,708,386230,6322,11773,9228,976,663,332,324,7136,1847,23,12267,1463,1
2024-02-02,709,387060,6331,11792,9274,978,663,332,324,7146,1847,24,12316,1470,1
2024-02-03,710,387940,6341,11805,9300,979,663,332,324,7161,1847,24,12352,1473,1
2024-02-04,711,388750,6343,11818,9331,979,663,332,324,7173,1848,24,12393,1479,1
2024-02-05,712,389560,6348,11822,9349,979,664,332,324,7173,1848,24,12412,1486,1
2024-02-06,713,390580,6365,11875,9367,979,665,332,324,7173,1848,24,12453,1496,1
2024-02-07,714,391470,6372,11879,9387,980,665,332,324,7177,1849,24,12486,1497,1
2024-02-08,715,392380,6383,11899,9411,980,666,332,325,7191,1880,24,12513,1505,1
2024-02-09,716,393290,6385,11921,9435,981,666,332,325,7209,1881,24,12551,1509,1
2024-02-10,717,394270,6394,11942,9459,981,666,332,325,7235,1881,24,12579,1512,1
2024-02-11,718,395200,6406,11956,9475,981,666,332,325,7257,1881,24,12592,1513,1
2024-02-12,719,395990,6416,11977,9481,981,666,332,325,7302,1881,24,12599,1514,1
2024-02-13,720,397080,6424,12004,9500,981,667,332,325,7332,1882,24,12623,1518,1
2024-02-14,721,398140,6433,12043,9566,984,671,332,325,7371,1882,24,12662,1523,1
2024-02-15,722,399090,6442,12090,9620,984,671,332,325,7404,1882,25,12691,1524,1
2024-02-16,723,400300,6465,12129,9641,984,671,332,325,7408,1895,25,12716,1528,1
2024-02-17,724,401350,6476,12145,9669,984,671,332,325,7413,1896,25,12734,1533,1
2024-02-18,725,402430,6487,12198,9709,984,674,335,325,7449,1898,25,12736,1540,1
2024-02-19,726,403720,6498,12232,9733,986,674,336,325,7460,1898,25,12767,1545,1
2024-02-20,727,404950,6503,12268,9773,988,675,337,325,7521,1902,25,12805,1551,1
2024-02-21,728,406080,6516,12338,9826,992,678,338,325,7560,1903,25,12861,1558,1
2024-02-22,729,407240,6523,12373,9867,997,680,339,325,7596,1903,25,12924,1566,1
2024-02-23,730,408240,6526,12410,9916,999,682,339,325,7628,1903,25,12960,1575,1
2024-02-24,731,409010,6534,12425,9952,999,684,340,325,7659,1905,25,12988,1576,1
2024-02-25,732,409820,6542,12441,9981,999,684,340,325,7681,1907,25,13011,1578,1
2024-02-26,733,410700,6555,12478,9993,1000,686,340,325,7707,1910,25,13037,1580,1
2024-02-27,734,411550,6556,12494,10009,1000,686,340,325,7729,1912,25,13065,1588,1
2024-02-28,735,412610,6570,12508,10029,1000,688,342,325,7753,1912,25,13112,1594,1
2024-02-29,736,413760,6593,12552,10070,1000,690,342,325,7768,1912,25,13152,1601,1
2024-03-01,737,414680,6610,12582,10106,1000,691,345,325,7794,1912,25,13206,1611,1
2024-03-02,738,415640,6624,12611,10153,1003,696,346,325,7829,1915,25,13267,1617,1
2024-03-03,739,416800,6640,12639,10188,1003,696,347,325,7843,1915,25,13332,1620,1
2024-03-04,740,417950,6648,12660,10210,1004,698,347,325,7845,1916,25,13374,1621,1
2024-03-05,741,419020,6657,12688,10258,1007,700,347,325,7863,1917,25,13423,1630,1
2024-03-06,742,420270,6678,12728,10308,1008,701,347,325,7921,1918,26,13479,1642,1
2024-03-07,743,421430,6695,12779,10350,1009,701,347,325,7963,1919,26,13532,1647,1
2024-03-08,744,422310,6706,12798,10375,1011,704,347,325,7998,1919,26,13598,1656,1
2024-03-09,745,423160,6712,12823,10428,1012,707,347,325,8041,1919,26,13683,1666,1
2024-03-10,746,424060,6731,12850,10466,1015,709,347,325,8082,1919,26,13752,1672,1
2024-03-11,747,424980,6739,12874,10499,1016,711,347,325,8141,1919,26,13826,1686,1
2024-03-12,748,425890,6747,12901,10522,1016,713,347,325,8184,1920,26,13870,1691,1
2024-03-13,749,426870,6752,12921,10554,1017,715,347,325,8205,1919,26,13932,1699,1
2024-03-14,750,427840,6757,12938,10565,1017,717,347,325,8220,1920,26,13959,1708,1
2024-03-15,751,428420,6758,12949,10580,1017,717,347,325,8254,1920,26,13993,1711,1
2024-03-16,752,429580,6779,12973,10606,1017,719,347,325,8268,1922,26,14024,1712,1
2024-03-17,753,430740,6790,12997,10634,1017,720,347,325,8272,1922,26,14073,1723,1
2024-03-18,754,431550,6809,13014,10668,1017,720,347,325,8308,1922,26,14141,1731,1
2024-03-19,755,432390,6819,13049,10698,1017,721,347,325,8318,1922,26,14191,1735,1
2024-03-20,756,433090,6828,13058,10714,1017,721,347,325,8355,1922,26,14198,1738,1
2024-03-21,757,433840,6832,13074,10740,1018,721,347,325,8365,1922,26,14242,1741,1
2024-03-22,758,434710,6840,13111,10775,1018,723,347,325,8388,1953,26,14287,1749,1
2024-03-23,759,435760,6852,13130,10811,1018,723,347,325,8463,1992,26,14344,1768,1
2024-03-24,760,436750,6876,13158,10855,1018,723,347,325,8510,1992,26,14407,1778,1
2024-03-25,761,437390,6887,13183,10877,1018,726,347,325,8539,2010,26,14454,1785,1
2024-03-26,762,438160,6893,13207,10904,1019,727,347,325,8553,2014,26,14498,1789,1
2024-03-27,763,439190,6904,13216,10931,1019,728,347,325,8578,2015,26,14539,1794,1
2024-03-28,764,439970,6914,13237,10963,1021,729,347,325,8590,2017,26,14595,1800,1
2024-03-29,765,440790,6922,13264,10991,1023,735,347,325,8656,2022,26,14645,1807,1
2024-03-30,766,441520,6951,13284,11006,1023,736,347,325,8701,2046,26,14670,1814,1
2024-03-31,767,442170,6966,13304,11050,1023,743,347,325,8731,2048,26,14717,1823,1
2024-04-01,768,442880,6986,13321,11082,1023,744,347,325,8757,2057,26,14752,1826,1
2024-04-02,769,443660,6998,13350,11112,1023,744,347,325,8779,2058,26,14783,1832,1
2024-04-03,770,444370,7009,13368,11142,1025,745,347,325,8796,2059,26,14813,1838,1
2024-04-04,771,445040,7018,13386,11171,1026,746,347,325,8817,2059,26,14861,1845,1
2024-04-05,772,445900,7033,13459,11221,1029,747,347,325,8847,2059,26,14922,1849,1
2024-04-06,773,446690,7057,13497,11262,1032,749,347,325,8895,2060,26,14922,1854,1
2024-04-07,774,447510,7074,13551,11316,1036,749,347,325,8956,2064,26,15071,1864,1
2024-04-08,775,448400,7087,13575,11356,1039,751,347,325,8996,2065,26,15110,1867,1
2024-04-09,776,449250,7110,13620,11386,1039,753,347,325,9033,2065,26,15181,1868,1
2024-04-10,777,450080,7132,13667,11404,1040,753,347,325,9070,2067,26,15248,1876,1
2024-04-11,778,450890,7137,13679,11452,1040,754,347,325,9104,2069,26,15289,1882,1
2024-04-12,779,451730,7146,13698,11486,1042,755,347,325,9161,2087,26,15339,1888,1
2024-04-13,780,452760,7169,13745,11518,1045,756,347,325,9201,2088,26,15396,1893,1
2024-04-14,781,453650,7174,13765,11552,1046,758,347,325,9235,2089,26,15459,1905,1
2024-04-15,782,454420,7180,13796,11593,1046,758,347,325,9266,2092,26,15510,1908,1
2024-04-16,783,455340,7189,13809,11609,1046,759,347,325,9277,2092,26,15563,1908,1
2024-04-17,784,456050,7193,13827,11624,1046,760,347,325,9279,2093,26,15587,1910,1
2024-04-18,785,456960,7196,13835,11637,1046,760,347,325,9284,2093,26,15618,1915,1
2024-04-19,786,457830,7205,13852,11658,1046,762,347,325,9311,2096,26,15671,1915,1
2024-04-20,787,458580,7213,13873,11678,1046,763,348,325,9341,2109,26,15717,1918,1
2024-04-21,788,459530,7229,13896,11719,1046,767,348,325,9379,2115,26,15785,1926,1
2024-04-22,789,460260,7236,13904,11736,1046,768,348,325,9384,2117,26,15812,1934,1
2024-04-23,790,461060,7241,13916,11765,1046,769,348,325,9407,2117,26,15845,1936,1
2024-04-24,791,461940,7242,13928,11808,1048,771,348,325,9439,2117,26,15892,1944,1
2024-04-25,792,462980,7255,13942,11836,1049,772,348,325,9449,2118,26,15949,1946,1
2024-04-26,793,463930,7262,13957,11867,1049,772,348,325,9461,2119,26,15984,1962,1
2024-04-27,794,465054,7268,13971,11905,1049,775,348,325,9485,2124,26,16019,1968,1
2024-04-28,795,466150,7279,13991,11948,1050,776,348,325,9507,2124,26,16065,1971,1
2024-04-29,796,467470,7285,14007,11985,1051,778,348,325,9528,2124,26,16109,1974,1
2024-04-30,797,468720,7307,14046,12011,1053,779,348,325,9531,2126,26,16142,1977,1
2024-05-01,798,469840,7312,14067,12024,1053,780,348,325,9538,2126,26,16175,1980,1
2024-05-02,799,470870,7332,14096,12044,1053,784,348,325,9561,2126,26,16224,1988,1
2024-05-03,800,472140,7354,14129,12102,1053,786,348,325,9580,2126,26,16266,1993,1
2024-05-04,801,473400,7366,14156,12148,1055,788,348,325,9611,2127,26,16337,2001,1
2024-05-05,802,474260,7375,14179,12212,1057,790,349,325,9636,2147,26,16418,2002,1
2024-05-06,803,475300,7380,14213,12250,1057,791,349,325,9683,2148,26,16477,2008,1
2024-05-07,804,476460,7405,14227,12287,1057,792,349,325,9717,2149,26,16509,2017,1
2024-05-08,805,477430,7418,14246,12317,1057,792,349,325,9728,2151,26,16549,2019,1
2024-05-09,806,478730,7429,14281,12340,1058,793,349,325,9775,2192,26,16618,2027,1
2024-05-10,807,479710,7434,14313,12387,1062,795,349,325,9826,2192,26,16691,2031,1
2024-05-11,808,481030,7449,14353,12442,1064,796,349,325,9868,2193,26,16755,2040,1
2024-05-12,809,482290,7454,14375,12472,1066,797,350,325,9910,2194,26,16819,2042,1
2024-05-13,810,484030,7485,14417,12487,1070,797,350,325,9936,2197,26,16878,2048,1
2024-05-14,811,485430,7496,14460,12515,1070,798,351,325,9985,2197,26,16907,2054,1
2024-05-15,812,486940,7510,14508,12538,1070,798,351,325,10015,2199,26,16955,2061,1
2024-05-16,813,488460,7529,14538,12565,1070,798,351,325,10028,2200,26,17048,2062,1
2024-05-17,814,489870,7547,14552,12603,1071,800,353,326,10073,2200,26,17104,2069,1
2024-05-18,815,491080,7560,14595,12639,1071,801,354,326,10108,2203,26,17169,2075,1
2024-05-19,816,492290,7576,14630,12687,1074,803,354,326,10155,2204,26,17251,2077,1
2024-05-20,817,493690,7590,14665,12737,1076,807,354,326,10236,2205,27,17311,2079,1
2024-05-21,818,495070,7605,14699,12779,1077,811,354,326,10290,2207,27,17383,2085,1
2024-05-22,819,496370,7611,14721,12820,1077,812,354,326,10346,2208,27,17442,2090,1
2024-05-23,820,497700,7622,14748,12860,1077,813,355,326,10391,2209,27,17513,2094,1
2024-05-24,821,498940,7635,14775,12902,1080,813,356,326,10401,2209,27,17569,2101,1
2024-05-25,822,500080,7650,14786,12929,1082,814,356,326,10414,2209,27,17608,2104,1
2024-05-26,823,501190,7662,14803,12953,1083,814,357,326,10425,2209,27,17639,2111,1
2024-05-27,824,502340,7671,14818,12981,1084,815,357,326,10467,2221,27,17694,2118,1
2024-05-28,825,503800,7692,14858,13029,1085,815,357,326,10482,2221,27,17740,2122,1
2024-05-29,826,505100,7700,14891,13066,1087,815,357,326,10510,2222,27,17796,2142,1
2024-05-30,827,506260,7710,14913,13101,1088,815,357,326,10532,2222,27,17849,2153,1
2024-05-31,828,507650,7728,14935,13140,1088,815,357,326,10578,2229,27,17905,2164,1
2024-06-01,829,508780,7740,14947,13184,1088,815,357,326,10617,2230,27,18006,2181,1
2024-06-02,830,509860,7765,14980,13233,1089,821,357,326,10699,2268,27,18092,2195,1
2024-06-03,831,511130,7779,15002,13280,1090,824,357,326,10739,2268,27,18159,2199,1
2024-06-04,832,512420,7794,15020,13345,1092,827,357,326,10766,2268,27,18228,2211,1
2024-06-05,833,513700,7806,15036,13385,1092,830,357,326,10805,2270,27,18297,2223,1
2024-06-06,834,515000,7828,15076,13433,1095,831,357,326,10846,2270,27,18360,2230,1
2024-06-07,835,516080,7834,15096,13497,1095,833,357,326,10886,2270,28,18416,2238,1
2024-06-08,836,517290,7843,15105,13533,1095,834,357,326,10945,2277,28,18484,2248,1
2024-06-09,837,518560,7869,15131,13593,1097,836,357,326,10982,2277,28,18562,2253,1
2024-06-10,838,519750,7879,15144,13644,1098,837,358,326,11010,2278,28,18618,2267,1
2024-06-11,839,520850,7902,15176,13690,1099,842,359,326,11023,2278,28,18676,2288,1
2024-06-12,840,521830,7911,15187,13736,1099,844,359,326,11042,2280,28,18736,2290,1
2024-06-13,841,522810,7928,15208,13770,1099,846,359,326,11075,2285,28,18794,2294,1
2024-06-14,842,524060,7936,15234,13818,1101,849,359,326,11097,2286,28,18854,2310,1
2024-06-15,843,525150,7956,15263,13855,1103,853,359,326,11148,2293,28,18911,2322,1
2024-06-16,844,526310,7956,15269,13913,1104,853,359,326,11159,2296,28,18967,2325,1
2024-06-17,845,527390,7958,15287,13927,1104,853,359,326,11167,2296,28,18991,2337,1
2024-06-18,846,528620,7974,15307,13959,1104,853,359,326,11187,2297,28,19031,2344,1
2024-06-19,847,529750,7984,15319,14007,1104,857,359,326,11221,2297,28,19078,2351,1
2024-06-20,848,530920,7987,15337,14052,1105,859,359,326,11260,2298,28,19134,2357,1
2024-06-21,849,531980,8001,15372,14106,1106,861,359,326,11260,2298,28,19181,2367,1
2024-06-22,850,533090,8009,15383,14188,1106,861,359,326,11305,2302,28,19204,2369,1
2024-06-23,851,534360,8019,15398,14195,1108,863,359,326,11355,2321,28,19248,2377,1
2024-06-24,852,535660,8031,15413,14246,1108,863,359,326,11382,2323,28,19304,2397,1
2024-06-25,853,536840,8035,15431,14281,1108,863,359,326,11413,2324,28,19362,2403,1
2024-06-26,854,538060,8039,15450,14321,1108,863,359,326,11435,2324,28,19407,2409,1
2024-06-27,855,539320,8042,15459,14363,1108,868,359,326,11459,2324,28,19468,2420,1
2024-06-28,856,540490,8066,15480,14423,1109,871,360,326,11509,2329,28,19514,2431,1
2024-06-29,857,541560,8073,15505,14480,1109,871,360,326,11538,2331,28,19568,2436,1
2024-06-30,858,542700,8080,15524,14533,1110,873,360,326,11584,2331,28,19643,2448,1
2024-07-01,859,543810,8099,15550,14599,1111,874,360,326,11620,2333,28,19713,2448,1
2024-07-02,860,545090,8107,15566,14655,1114,874,360,326,11641,2335,28,19787,2452,1
2024-07-03,861,546270,8123,15583,14712,1115,876,360,326,11668,2336,28,19850,2464,1
2024-07-04,862,547470,8132,15600,14777,1115,878,360,326,11694,2342,28,19923,2468,1
2024-07-05,863,548580,8142,15611,14831,1115,878,360,326,11751,2342,28,19977,2473,1
2024-07-06,864,549840,8153,15629,14897,1115,878,360,326,11809,2351,28,20053,2479,1
2024-07-07,865,550990,8155,15645,14937,1115,879,360,326,11862,2352,28,20103,2495,1
2024-07-08,866,552190,8171,15685,14966,1115,880,361,326,11893,2353,28,20150,2503,1
2024-07-09,867,553410,8178,15704,15015,1115,880,361,326,11922,2389,28,20212,2516,1
2024-07-10,868,554510,8180,15715,15051,1115,883,361,326,11973,2389,28,20269,2531,1
2024-07-11,869,555620,8182,15732,15110,1119,886,361,326,12009,2392,28,20325,2535,1
2024-07-12,870,556650,8191,15755,15158,1119,888,361,326,12035,2397,28,20409,2543,1
2024-07-13,871,557770,8199,15779,15216,1119,889,361,326,12069,2397,28,20461,2556,1
2024-07-14,872,559090,8206,15811,15263,1119,890,361,326,12108,2397,28,20538,2566,1
2024-07-15,873,560290,8214,15826,15324,1119,892,361,326,12148,2398,28,20623,2569,1
2024-07-16,874,561400,8227,15862,15368,1119,892,361,326,12193,2398,28,20680,2577,1
2024-07-17,875,562510,8238,15871,15411,1120,893,361,326,12224,2398,28,20741,2586,1
2024-07-18,876,563640,8245,15883,15465,1120,893,361,326,12274,2398,28,20833,2593,1
2024-07-19,877,564620,8250,15902,15520,1120,894,361,326,12316,2401,28,20909,2593,1
2024-07-20,878,565610,8257,15917,15542,1121,895,362,326,12350,2401,28,20968,2607,1
2024-07-21,879,566710,8266,15963,15586,1121,896,362,326,12402,2401,28,21036,2616,1
2024-07-22,880,567760,8284,15980,15637,1123,900,362,326,12475,2401,28,21138,2637,1
2024-07-23,881,568980,8288,16000,15694,1125,901,362,326,12511,2401,28,21202,2640,1
2024-07-24,882,570120,8302,16013,15759,1125,902,363,326,12544,2402,28,21279,2650,1
2024-07-25,883,571350,8313,16039,15804,1125,904,363,326,12610,2402,28,21358,2661,1
2024-07-26,884,572300,8320,16050,15840,1125,904,363,326,12683,2402,28,21414,2668,1
2024-07-27,885,573510,8331,16074,15885,1125,905,363,326,12736,2403,28,21500,2671,1
2024-07-28,886,574690,8344,16095,15936,1127,906,363,326,12766,2405,28,21572,2671,1
2024-07-29,887,576000,8356,16103,16010,1129,906,363,326,12805,2406,28,21634,2690,1
2024-07-30,888,577060,8381,16141,16056,1130,906,363,326,12832,2406,28,21687,2696,1
2024-07-31,889,578120,8390,16161,16086,1131,907,363,326,12853,2407,28,21739,2697,1
2024-08-01,890,579490,8399,16203,16119,1132,907,363,326,12968,2407,28,21816,2713,1
2024-08-02,891,580590,8402,16211,16161,1134,907,363,326,13005,2407,28,21872,2719,1
2024-08-03,892,581760,8406,16238,16217,1135,908,363,326,13057,2410,28,21926,2723,1
2024-08-04,893,582910,8411,16255,16276,1138,910,363,326,13103,2412,28,22006,2734,1
2024-08-05,894,584090,8417,16286,16345,1138,910,365,326,13122,2414,28,22094,2737,1
2024-08-06,895,585140,8421,16294,16384,1138,910,365,326,13158,2420,28,22148,2738,1
2024-08-07,896,586370,8429,16323,16451,1138,910,365,326,13212,2421,28,22226,2759,1
2024-08-08,897,587510,8431,16332,16487,1142,914,366,327,13293,2424,28,22285,2767,1
2024-08-09,898,588540,8434,16341,16536,1142,916,366,327,13325,2424,28,22371,2769,1
2024-08-10,899,589700,8441,16350,16605,1143,916,366,327,13372,2425,28,22453,2789,1
2024-08-11,900,590920,8447,16363,16663,1143,918,366,328,13399,2425,28,22524,2800,1
2024-08-12,901,592000,8450,16368,16728,1146,919,366,328,13472,2426,28,22590,2801,1
2024-08-13,902,593160,8455,16385,16764,1146,920,366,328,13491,2426,28,22649,2806,1
2024-08-14,903,594400,8476,16402,16821,1151,921,366,328,13548,2426,28,22710,2813,1
2024-08-15,904,595620,8484,16426,16868,1154,922,367,328,13598,2428,28,22775,2813,1
2024-08-16,905,596950,8496,16461,16927,1159,922,367,328,13659,2429,28,22848,2829,1
2024-08-17,906,598180,8501,16473,16985,1160,923,367,328,13714,2432,28,22913,2844,1
2024-08-18,907,599350,8508,16480,17056,1161,923,367,328,13752,2432,28,22992,2846,1
2024-08-19,908,600470,8513,16495,17104,1165,925,367,328,13809,2437,28,23047,2863,1
2024-08-20,909,601800,8518,16521,17156,1166,926,367,328,13864,2438,28,23142,2885,1
2024-08-21,910,603010,8522,16542,17216,1166,928,367,328,13902,2442,28,23221,2887,1
2024-08-22,911,604140,8529,16567,17262,1166,931,367,328,13998,2443,28,23280,2904,1
2024-08-23,912,605330,8533,16599,17307,1167,932,367,328,14025,2442,28,23329,2910,1
2024-08-24,913,606490,8542,16620,17349,1169,935,367,328,14064,2444,28,23383,2911,1
2024-08-25,914,607680,8547,16631,17396,1171,936,367,328,14095,2444,28,23475,2928,1
2024-08-26,915,608820,8581,16648,17433,1172,937,367,328,14134,2444,28,23555,2941,1
2024-08-27,916,610100,8563,16667,17495,1173,937,367,328,14254,2547,28,23613,2944,1
2024-08-28,917,611190,8568,16681,17522,1174,938,368,328,14348,2553,28,23654,2950,1
2024-08-29,918,612390,8571,16699,17549,1174,939,368,328,14369,2556,28,23709,2965,1
2024-08-30,919,613590,8574,16722,17572,1175,940,368,328,14453,2556,28,23763,2967,1
2024-08-31,920,614950,8582,16736,17614,1176,940,368,328,14471,2557,28,23825,2977,1
2024-09-01,921,616300,8592,16760,17636,1176,940,368,328,14507,2557,28,23881,2991,1
2024-09-02,922,617600,8601,16786,17646,1177,940,368,328,14537,2557,28,23925,2993,1
2024-09-03,923,618960,8611,16821,17664,1177,940,368,328,14573,2578,28,23972,3002,1
2024-09-04,924,620350,8618,16848,17694,1177,940,368,328,14616,2580,28,24007,3014,1
2024-09-05,925,621550,8624,16869,17725,1177,940,368,328,14658,2587,28,24044,3024,1
2024-09-06,926,622720,8631,16878,17745,1178,941,368,328,14732,2587,28,24116,3037,1
2024-09-07,927,623990,8632,16878,17774,1178,942,368,328,14784,2588,28,24171,3037,1
2024-09-08,928,625260,8636,16897,17804,1180,942,368,328,14864,2588,28,24218,3047,1
2024-09-09,929,626410,8639,16906,17830,1180,942,368,328,14897,2588,28,24262,3049,1
2024-09-10,930,627790,8640,16925,17880,1180,942,368,328,14933,2591,28,24330,3053,1
2024-09-11,931,628930,8642,16938,17936,1182,943,368,328,14990,2591,28,24388,3059,1
2024-09-12,932,630200,8653,16955,18009,1184,945,369,328,15033,2591,28,24481,3061,1
2024-09-13,933,631420,8671,17003,18061,1185,945,369,328,15113,2591,28,24560,3071,1
2024-09-14,934,632630,8674,17043,18086,1186,946,369,328,15149,2591,28,24631,3084,1
2024-09-15,935,633800,8680,17063,18109,1186,947,369,328,15234,2592,28,24684,3084,1
2024-09-16,936,634860,8683,17071,18123,1187,947,369,328,15263,2592,28,24712,3090,1
2024-09-17,937,635880,8685,17077,18129,1188,947,369,328,15329,2592,28,24739,3091,1
2024-09-18,938,637010,8691,17080,18154,1188,947,369,328,15354,2592,28,24784,3109,1
2024-09-19,939,638140,8705,17093,18177,1189,947,369,328,15417,2592,28,24839,3109,1
2024-09-20,940,639480,8725,17132,18212,1189,949,369,328,15469,2593,28,24898,3115,1
2024-09-21,941,640920,8746,17170,18270,1193,949,369,328,15561,2593,28,24966,3125,1
2024-09-22,942,642420,8768,17222,18333,1195,949,369,328,15628,2595,28,25023,3144,1
2024-09-23,943,643750,8784,17252,18414,1197,949,369,328,15699,2595,28,25102,3145,1
2024-09-24,944,645150,8800,17292,18475,1198,952,369,328,15764,2595,28,15175,3155,1
2024-09-25,945,646400,8815,17304,18549,1199,952,369,328,15879,2595,28,25248,3168,1
2024-09-26,946,647800,8825,17348,18620,1199,959,369,328,15946,2599,28,25353,3190,1
2024-09-27,947,649170,8846,17396,18678,1199,961,369,328,16031,2608,28,25411,3192,1
2024-09-28,948,650640,8860,17438,18733,1203,961,369,328,16093,2610,28,25411,3291,1
2024-09-29,949,651810,8869,17467,18795,1204,962,369,328,16186,2610,28,25495,3297,1
2024-09-30,950,653060,8874,17503,18822,1204,963,369,328,16224,2610,28,25548,3313,1
2024-10-01,951,654430,8883,17547,18855,1204,963,369,328,16322,2613,28,25621,3314,1
2024-10-02,952,655560,8887,17579,18869,1204,963,369,328,16348,2613,28,25692,3318,1
2024-10-03,953,656710,8893,17596,18906,1204,964,368,328,16393,2613,28,25750,3330,1
2024-10-04,954,657940,8908,17627,18965,1212,965,368,328,16494,2613,28,25820,3333,1
2024-10-05,955,659220,8916,17658,19037,1216,970,368,328,16529,2613,28,25905,3344,1
2024-10-06,956,660470,8919,17679,19092,1216,970,368,328,16578,2613,28,26006,3363,1
2024-10-07,957,661630,8933,17710,19156,1223,972,368,328,16643,2615,28,26102,3364,1
2024-10-08,958,662970,8940,17740,19203,1223,973,368,328,16686,2618,28,26185,3373,1
2024-10-09,959,664120,8944,17751,19222,1223,973,369,328,16718,2618,28,26240,3385,1
2024-10-10,960,665200,8945,17765,19263,1225,976,369,328,16767,2619,28,26314,3386,1
2024-10-11,961,666340,8953,17800,19322,1229,976,369,329,16837,2619,28,26398,3396,1
2024-10-12,962,667630,8962,17827,19381,1230,976,369,329,16947,2619,28,26513,3434,1
2024-10-13,963,668930,8971,17876,19410,1231,978,369,329,16992,2619,28,26584,3435,1
2024-10-14,964,670190,8975,17895,19421,1231,978,369,329,17009,2619,28,26622,3437,1
2024-10-15,965,671400,8988,17939,19430,1231,978,369,329,17019,2620,28,26654,3441,1
2024-10-16,966,672850,8997,17969,19459,1231,978,369,329,17050,2620,28,26732,3441,1
2024-10-17,967,674270,9014,18002,19510,1232,978,369,329,17104,2620,28,26815,3446,1
2024-10-18,968,675800,9027,18053,19533,1232,978,369,329,17152,2620,28,26908,3448,1
2024-10-19,969,677180,9035,18072,19548,1232,978,369,329,17230,2623,28,26946,3473,1
2024-10-20,970,678520,9047,18111,19565,1232,978,369,329,17287,2624,28,26987,3476,1
2024-10-21,971,680230,9071,18175,19589,1232,979,369,329,17333,2624,28,27034,3479,1
2024-10-22,972,681580,9079,18199,19623,1234,981,369,329,17404,2625,28,27111,3499,1
2024-10-23,973,683040,9088,18229,19674,1234,981,369,329,17489,2625,28,27217,3509,1
2024-10-24,974,684280,9090,18254,19719,1236,981,369,329,17597,2625,28,27286,3513,1
2024-10-25,975,685910,9097,18287,19753,1238,982,369,329,17670,2625,28,27365,3535,1
2024-10-26,976,687600,9109,18332,19782,1240,984,369,329,17726,2625,28,27460,3541,1
2024-10-27,977,689040,9113,18355,19821,1240,984,369,329,17799,2625,28,27560,3542,1
2024-10-28,978,690720,9120,18395,19872,1240,984,369,329,17867,2625,28,27660,3556,1
2024-10-29,979,692080,9129,18404,19917,1241,984,369,329,17939,2625,28,27749,3566,1
2024-10-30,980,693640,9137,18433,19955,1242,986,369,329,17979,2625,28,27840,3567,1
2024-10-31,981,694950,9156,18450,20013,1243,994,369,329,18063,2627,28,27961,3570,1
2024-11-01,982,696410,9162,18470,20039,1244,994,369,329,18088,2628,28,28038,3579,1
2024-11-02,983,697680,9170,18487,20076,1244,994,369,329,18117,2628,28,28114,3583,1
2024-11-03,984,699090,9182,18523,20086,1244,994,369,329,18187,2629,28,28160,3584,1
2024-11-04,985,700390,9193,18538,20121,1245,994,369,329,18280,2629,28,28237,3587,1
2024-11-05,986,701650,9208,18581,20150,1245,996,369,329,18309,2631,28,28278,3587,1
2024-11-06,987,702900,9214,18592,20170,1245,996,369,329,18366,2631,28,28333,3588,1
2024-11-07,988,704300,9224,18612,20194,1245,996,369,329,18408,2631,28,28411,3596,1
2024-11-08,989,705880,9233,18661,20226,1245,996,369,329,18526,2631,28,28495,3602,1
2024-11-09,990,707540,9238,18697,20294,1245,996,369,329,18575,2634,28,28561,3604,1
